tool		Theta 6.6.3	Theta 6.6.3	Theta 6.6.3	Theta 6.6.3
run set		SV-COMP24_unreach-call.ProductLines	SV-COMP24_unreach-call.ProductLines	SV-COMP24_unreach-call.ProductLines	SV-COMP24_unreach-call.ProductLines
../sv-benchmarks/c/product-lines/		status	cputime (s)	walltime (s)	memory (MB)
elevator_spec13_product21.cil.yml	true	ERROR (frontend failed)	2.794997	1.0475473760000114	230.576128
elevator_spec13_product22.cil.yml	true	ERROR (frontend failed)	1.837391	0.7693613229999983	177.053696
elevator_spec13_product23.cil.yml	true	ERROR (frontend failed)	2.271588	0.8847135120000189	208.097280
elevator_spec13_product24.cil.yml	true	ERROR (frontend failed)	1.943937	0.8009745859999953	194.142208
elevator_spec13_product29.cil.yml	true	ERROR (frontend failed)	2.647231	1.0172683189999816	227.233792
elevator_spec13_product30.cil.yml	true	ERROR (frontend failed)	2.830844	1.0997461359999647	233.644032
elevator_spec13_product31.cil.yml	true	ERROR (frontend failed)	1.881068	0.7725869989999978	182.185984
elevator_spec13_product32.cil.yml	true	ERROR (frontend failed)	2.506423	0.9882094939999888	213.147648
elevator_spec13_productSimulator.cil.yml	true	ERROR (frontend failed)	1.947947	0.8012309389999928	186.933248
elevator_spec14_product03.cil.yml	true	ERROR (frontend failed)	2.48133	0.9722043289999647	218.361856
elevator_spec14_product11.cil.yml	true	ERROR (frontend failed)	2.155044	0.8609267420000037	198.651904
elevator_spec14_product19.cil.yml	true	ERROR (frontend failed)	2.308406	0.8945397150000076	215.572480
elevator_spec14_product20.cil.yml	false	ERROR (frontend failed)	1.97362	0.8159022410000034	199.626752
elevator_spec14_product23.cil.yml	true	ERROR (frontend failed)	2.091891	0.8507483289999982	194.293760
elevator_spec14_product24.cil.yml	false	ERROR (frontend failed)	2.493635	0.953775539999981	220.921856
elevator_spec14_product27.cil.yml	true	ERROR (frontend failed)	2.343788	0.9585446730000058	213.327872
elevator_spec14_product28.cil.yml	false	ERROR (frontend failed)	2.249326	0.8639448839999773	205.434880
elevator_spec14_product31.cil.yml	true	ERROR (frontend failed)	2.217381	0.8944995400000266	207.286272
elevator_spec14_product32.cil.yml	false	ERROR (frontend failed)	2.141801	0.8709209849999979	201.519104
elevator_spec14_productSimulator.cil.yml	false	ERROR (frontend failed)	2.999246	1.1231498939999938	252.211200
elevator_spec1_product01.cil.yml	true	ERROR (frontend failed)	2.252528	0.8727431830000114	204.664832
elevator_spec1_product03.cil.yml	true	ERROR (frontend failed)	1.843937	0.7481242910000105	181.977088
elevator_spec1_product09.cil.yml	true	ERROR (frontend failed)	1.892477	0.7686998249999988	190.337024
elevator_spec1_product11.cil.yml	true	ERROR (frontend failed)	2.289276	0.8919282499999781	209.670144
elevator_spec1_product17.cil.yml	true	ERROR (frontend failed)	2.254515	0.8883618790000014	204.345344
elevator_spec1_product18.cil.yml	false	ERROR (frontend failed)	2.223294	0.8898181740000268	205.279232
elevator_spec1_product19.cil.yml	true	ERROR (frontend failed)	2.684541	0.9836667170000055	237.170688
elevator_spec1_product20.cil.yml	false	ERROR (frontend failed)	2.39574	1.324022044000003	216.047616
elevator_spec1_product21.cil.yml	true	ERROR (frontend failed)	2.307281	1.1269014970000057	213.250048
elevator_spec1_product22.cil.yml	false	ERROR (frontend failed)	2.006773	0.8427816930000063	196.456448
elevator_spec1_product23.cil.yml	true	ERROR (frontend failed)	2.064076	0.8415693019999821	197.611520
elevator_spec1_product24.cil.yml	false	ERROR (frontend failed)	1.992301	0.8244029179999757	197.500928
elevator_spec1_product25.cil.yml	true	ERROR (frontend failed)	1.986619	0.8360931660000119	189.620224
elevator_spec1_product26.cil.yml	false	ERROR (frontend failed)	2.240242	0.8800870110000005	205.381632
elevator_spec1_product27.cil.yml	true	ERROR (frontend failed)	2.442731	0.9529557810000142	216.391680
elevator_spec1_product28.cil.yml	false	ERROR (frontend failed)	2.579164	0.9692979449999939	229.634048
elevator_spec1_product29.cil.yml	true	ERROR (frontend failed)	2.863376	1.0863162649999936	235.716608
elevator_spec1_product30.cil.yml	false	ERROR (frontend failed)	2.065659	0.8518227399999887	203.902976
elevator_spec1_product31.cil.yml	true	ERROR (frontend failed)	1.932005	0.7971368089999942	185.741312
elevator_spec1_product32.cil.yml	false	ERROR (frontend failed)	2.271807	0.8870989889999805	208.400384
elevator_spec1_productSimulator.cil.yml	false	ERROR (frontend failed)	2.069888	0.8402344090000042	196.435968
elevator_spec2_product01.cil.yml	true	ERROR (frontend failed)	2.105804	0.8480751159999613	198.868992
elevator_spec2_product03.cil.yml	true	ERROR (frontend failed)	2.344618	0.9342116980000128	210.968576
elevator_spec2_product09.cil.yml	true	ERROR (frontend failed)	2.678213	1.0285804359999702	231.583744
elevator_spec2_product11.cil.yml	true	ERROR (frontend failed)	2.248056	0.9109329280000225	208.326656
elevator_spec2_product17.cil.yml	true	ERROR (frontend failed)	2.676813	1.0205807039999968	233.369600
elevator_spec2_product18.cil.yml	false	ERROR (frontend failed)	2.302698	0.9118855789999998	208.084992
elevator_spec2_product19.cil.yml	true	ERROR (frontend failed)	2.331154	0.9251876129999914	215.977984
elevator_spec2_product20.cil.yml	false	ERROR (frontend failed)	2.367262	0.9363433209999812	206.897152
elevator_spec2_product21.cil.yml	true	ERROR (frontend failed)	1.918482	0.7862586169999872	187.392000
elevator_spec2_product22.cil.yml	false	ERROR (frontend failed)	2.284117	0.8938428000000158	205.066240
elevator_spec2_product23.cil.yml	true	ERROR (frontend failed)	2.255152	0.8757222980000279	211.865600
elevator_spec2_product24.cil.yml	false	ERROR (frontend failed)	2.648807	0.9984392079999793	227.016704
elevator_spec2_product25.cil.yml	true	ERROR (frontend failed)	2.405659	0.9573796330000164	217.337856
elevator_spec2_product26.cil.yml	false	ERROR (frontend failed)	2.440362	0.983913479000023	211.165184
elevator_spec2_product27.cil.yml	true	ERROR (frontend failed)	1.944909	0.8274846790000083	184.123392
elevator_spec2_product28.cil.yml	false	ERROR (frontend failed)	2.348705	0.9376230679999935	218.615808
elevator_spec2_product29.cil.yml	true	ERROR (frontend failed)	2.613809	0.9976159729999949	221.573120
elevator_spec2_product30.cil.yml	false	ERROR (frontend failed)	2.542388	0.9749552769999923	236.339200
elevator_spec2_product31.cil.yml	true	ERROR (frontend failed)	2.93311	1.1217451370000049	232.611840
elevator_spec2_product32.cil.yml	false	ERROR (frontend failed)	2.288919	0.9076087270000244	218.214400
elevator_spec2_productSimulator.cil.yml	false	ERROR (frontend failed)	2.445796	0.9473599620000073	218.173440
elevator_spec3_product01.cil.yml	true	ERROR (frontend failed)	2.510893	0.9592143989999613	216.211456
elevator_spec3_product03.cil.yml	false	ERROR (frontend failed)	1.855915	0.7671919249999632	175.243264
elevator_spec3_product09.cil.yml	true	ERROR (frontend failed)	2.645914	1.0290597769999863	215.969792
elevator_spec3_product11.cil.yml	false	ERROR (frontend failed)	1.906716	0.7735145179999563	178.163712
elevator_spec3_product17.cil.yml	true	ERROR (frontend failed)	2.237154	0.8705726090000212	208.171008
elevator_spec3_product18.cil.yml	true	ERROR (frontend failed)	1.99837	0.8313874240000132	190.726144
elevator_spec3_product19.cil.yml	false	ERROR (frontend failed)	2.185061	0.8842449069999816	203.907072
elevator_spec3_product20.cil.yml	false	ERROR (frontend failed)	2.671151	1.0272769300000277	230.572032
elevator_spec3_product21.cil.yml	true	ERROR (frontend failed)	2.389197	0.9312302809999551	216.211456
elevator_spec3_product22.cil.yml	true	ERROR (frontend failed)	1.935041	0.7999897070000088	175.046656
elevator_spec3_product23.cil.yml	false	ERROR (frontend failed)	2.488517	0.9817875090000143	220.631040
elevator_spec3_product24.cil.yml	false	ERROR (frontend failed)	2.519111	0.9759695189999888	220.311552
elevator_spec3_product25.cil.yml	true	ERROR (frontend failed)	2.009095	0.812727528000039	196.644864
elevator_spec3_product26.cil.yml	true	ERROR (frontend failed)	2.259728	0.8935166410000193	208.408576
elevator_spec3_product27.cil.yml	false	ERROR (frontend failed)	2.327491	0.9028019760000348	215.166976
elevator_spec3_product28.cil.yml	false	ERROR (frontend failed)	2.435208	0.9712266780000505	212.811776
elevator_spec3_product29.cil.yml	true	ERROR (frontend failed)	2.377343	0.9460259370000017	211.947520
elevator_spec3_product30.cil.yml	true	ERROR (frontend failed)	2.60826	0.9890071959999887	212.996096
elevator_spec3_product31.cil.yml	false	ERROR (frontend failed)	2.099191	0.8639113370000473	200.740864
elevator_spec3_product32.cil.yml	false	ERROR (frontend failed)	2.100914	0.8419438009999567	196.333568
elevator_spec3_productSimulator.cil.yml	false	ERROR (frontend failed)	2.02382	0.8328057999999601	198.705152
elevator_spec9_product09.cil.yml	true	ERROR (frontend failed)	2.625483	1.004539350000016	219.176960
elevator_spec9_product11.cil.yml	true	ERROR (frontend failed)	2.153097	0.8663452149999671	197.685248
elevator_spec9_product25.cil.yml	true	ERROR (frontend failed)	2.078277	0.8301820339999608	196.775936
elevator_spec9_product26.cil.yml	false	ERROR (frontend failed)	2.013639	0.8157183710000027	197.021696
elevator_spec9_product27.cil.yml	true	ERROR (frontend failed)	2.041425	0.8349204790000044	194.035712
elevator_spec9_product28.cil.yml	false	ERROR (frontend failed)	2.760476	1.0391963710000027	223.395840
elevator_spec9_product29.cil.yml	true	ERROR (frontend failed)	2.404762	0.9499018189999902	216.391680
elevator_spec9_product30.cil.yml	false	ERROR (frontend failed)	1.839971	0.7540074069999605	175.411200
elevator_spec9_product31.cil.yml	true	ERROR (frontend failed)	2.701465	1.0132715649999682	232.554496
elevator_spec9_product32.cil.yml	false	ERROR (frontend failed)	2.729171	1.0537698630000136	228.155392
elevator_spec9_productSimulator.cil.yml	false	ERROR (frontend failed)	2.106057	0.8635639390000165	198.057984
email_spec0_product05.cil.yml	true	ERROR (frontend failed)	1.783873	0.7395574910000278	167.604224
email_spec0_product09.cil.yml	true	ERROR (frontend failed)	2.054716	0.8348589689999812	197.095424
email_spec0_product10.cil.yml	true	ERROR (frontend failed)	1.709941	0.7282275200000186	158.846976
email_spec0_product11.cil.yml	true	ERROR (frontend failed)	2.246727	0.8768607029999771	206.032896
email_spec0_product16.cil.yml	false	ERROR (frontend failed)	1.98116	0.8166301370000042	192.843776
email_spec0_product19.cil.yml	true	ERROR (frontend failed)	1.786837	0.7447931170000288	170.921984
email_spec0_product21.cil.yml	false	ERROR (frontend failed)	2.459895	0.9398838660000024	217.567232
email_spec0_product22.cil.yml	false	ERROR (frontend failed)	1.700282	0.7239938769999981	158.224384
email_spec0_product24.cil.yml	true	ERROR (frontend failed)	2.517127	0.9773644689999514	217.640960
email_spec0_product25.cil.yml	true	ERROR (frontend failed)	2.146491	0.8831109699999615	198.815744
email_spec0_product26.cil.yml	false	ERROR (frontend failed)	2.280388	0.9211529570000039	210.231296
email_spec0_product27.cil.yml	true	ERROR (frontend failed)	1.950208	0.7957230650000042	177.119232
email_spec0_product31.cil.yml	false	ERROR (frontend failed)	2.302873	0.9462192020000089	217.083904
email_spec0_product33.cil.yml	false	ERROR (frontend failed)	2.528014	1.0056463789999839	216.834048
email_spec0_product34.cil.yml	false	ERROR (frontend failed)	2.016505	0.8439652069999966	195.956736
email_spec0_product35.cil.yml	false	ERROR (frontend failed)	1.728065	0.7290537070000482	157.814784
email_spec0_product36.cil.yml	true	ERROR (frontend failed)	2.060853	0.8383477830000174	197.623808
email_spec0_product37.cil.yml	true	ERROR (frontend failed)	1.995326	0.8210680990000014	196.091904
email_spec0_product38.cil.yml	true	ERROR (frontend failed)	2.370308	0.9374419769999918	215.924736
email_spec0_product40.cil.yml	true	ERROR (frontend failed)	1.963082	0.8173942870000133	193.122304
email_spec0_productSimulator.cil.yml	false	ERROR (frontend failed)	2.352983	0.9076075419999938	216.420352
email_spec11_product03.cil.yml	true	ERROR (frontend failed)	1.845494	0.7540903050000338	173.236224
email_spec11_product07.cil.yml	true	ERROR (frontend failed)	2.565035	0.9806434430000195	241.172480
email_spec11_product08.cil.yml	true	ERROR (frontend failed)	1.974489	0.804539635000026	185.671680
email_spec11_product10.cil.yml	true	ERROR (frontend failed)	2.271249	0.9020538649999708	203.108352
email_spec11_product15.cil.yml	false	ERROR (frontend failed)	2.518648	0.9704561870000248	218.644480
email_spec11_product18.cil.yml	true	ERROR (frontend failed)	1.790986	0.7441182119999894	164.126720
email_spec11_product20.cil.yml	false	ERROR (frontend failed)	2.044317	0.8447967480000216	192.061440
email_spec11_product22.cil.yml	false	ERROR (frontend failed)	1.687352	0.717720761999999	157.409280
email_spec11_product23.cil.yml	true	ERROR (frontend failed)	1.681937	0.714826741999957	156.962816
email_spec11_product24.cil.yml	true	ERROR (frontend failed)	1.952866	0.796654009000008	191.672320
email_spec11_product26.cil.yml	false	ERROR (frontend failed)	2.255052	0.9199240350000082	207.888384
email_spec11_product27.cil.yml	true	ERROR (frontend failed)	2.689702	1.039481138000042	245.653504
email_spec11_product30.cil.yml	false	ERROR (frontend failed)	2.238702	0.8893482689999814	202.272768
email_spec11_product32.cil.yml	false	ERROR (frontend failed)	2.59993	0.9854058829999985	215.232512
email_spec11_product33.cil.yml	false	ERROR (frontend failed)	2.429523	0.9583873070000095	212.332544
email_spec11_product35.cil.yml	false	ERROR (frontend failed)	2.707265	1.0370525489999523	251.559936
email_spec11_product36.cil.yml	true	ERROR (frontend failed)	2.177853	0.8803867750000336	205.758464
email_spec11_product37.cil.yml	true	ERROR (frontend failed)	1.75021	0.7177452890000495	157.949952
email_spec11_product39.cil.yml	true	ERROR (frontend failed)	1.98252	0.8214699549999978	194.056192
email_spec11_product40.cil.yml	true	ERROR (frontend failed)	2.147485	0.8661928279999529	202.817536
email_spec11_productSimulator.cil.yml	false	ERROR (frontend failed)	2.39386	0.9487184059999549	216.039424
email_spec1_product12.cil.yml	true	ERROR (frontend failed)	2.127269	0.8730488909999963	198.791168
email_spec1_product14.cil.yml	false	ERROR (frontend failed)	2.559499	0.9835985370000344	236.670976
email_spec1_product15.cil.yml	false	ERROR (frontend failed)	2.562721	0.9909852490000048	242.184192
email_spec1_product16.cil.yml	false	ERROR (frontend failed)	1.711666	0.7200206269999967	156.504064
email_spec1_product20.cil.yml	false	ERROR (frontend failed)	2.496046	0.953931018999981	217.952256
email_spec1_product21.cil.yml	false	ERROR (frontend failed)	2.398475	0.9356757529999982	219.336704
email_spec1_product22.cil.yml	false	ERROR (frontend failed)	1.867141	0.7774755319999826	177.160192
email_spec1_product26.cil.yml	false	ERROR (frontend failed)	2.054288	0.8442672420000008	193.093632
email_spec1_product28.cil.yml	true	ERROR (frontend failed)	2.408538	0.9569941029999995	220.319744
email_spec1_product29.cil.yml	false	ERROR (frontend failed)	2.392358	0.9999319140000011	207.372288
email_spec1_product30.cil.yml	false	ERROR (frontend failed)	1.812398	0.7486265480000043	173.940736
email_spec1_product31.cil.yml	false	ERROR (frontend failed)	1.739662	0.7316539299999931	157.143040
email_spec1_product32.cil.yml	false	ERROR (frontend failed)	2.275711	0.9061979939999674	211.902464
email_spec1_product33.cil.yml	false	ERROR (frontend failed)	1.700087	0.7302561590000209	157.597696
email_spec1_product34.cil.yml	false	ERROR (frontend failed)	1.770772	0.7337138579999873	161.816576
email_spec1_product35.cil.yml	false	ERROR (frontend failed)	1.93911	0.7773714479999967	186.818560
email_spec1_productSimulator.cil.yml	false	ERROR (frontend failed)	1.921722	0.7727074590000029	180.486144
email_spec27_product13.cil.yml	true	ERROR (frontend failed)	1.710177	0.7021222279999506	156.930048
email_spec27_product17.cil.yml	false	ERROR (frontend failed)	2.122998	0.8347454439999638	200.085504
email_spec27_product18.cil.yml	false	ERROR (frontend failed)	1.954815	0.8093848359999924	187.498496
email_spec27_product19.cil.yml	false	ERROR (frontend failed)	1.843445	0.7500576300000148	175.566848
email_spec27_product23.cil.yml	false	ERROR (frontend failed)	1.973847	0.8157462179999584	193.396736
email_spec27_product24.cil.yml	false	ERROR (frontend failed)	1.822824	0.7343951290000064	166.027264
email_spec27_product25.cil.yml	false	ERROR (frontend failed)	2.064037	0.8405662129999882	189.550592
email_spec27_product27.cil.yml	false	ERROR (frontend failed)	1.815814	0.753308230000016	172.785664
email_spec27_product28.cil.yml	true	ERROR (frontend failed)	2.019937	0.8245707350000089	196.190208
email_spec27_product29.cil.yml	false	ERROR (frontend failed)	1.988822	0.8319497540000498	198.324224
email_spec27_product30.cil.yml	false	ERROR (frontend failed)	2.226414	0.8849329450000027	208.883712
email_spec27_product31.cil.yml	false	ERROR (frontend failed)	1.960754	0.8202080549999664	189.050880
email_spec27_product32.cil.yml	false	ERROR (frontend failed)	2.46655	0.9667537839999909	219.090944
email_spec27_product33.cil.yml	false	ERROR (frontend failed)	1.728307	0.7269168140000488	157.761536
email_spec27_product34.cil.yml	false	ERROR (frontend failed)	2.525052	0.9699128679999944	215.556096
email_spec27_product35.cil.yml	false	ERROR (frontend failed)	1.810125	0.7501299520000089	165.646336
email_spec27_productSimulator.cil.yml	false	ERROR (frontend failed)	1.966592	0.8291672469999867	185.622528
email_spec3_product13.cil.yml	false	ERROR (frontend failed)	1.778914	0.7307024090000027	161.976320
email_spec3_product17.cil.yml	false	ERROR (frontend failed)	2.010927	0.8242825089999997	197.160960
email_spec3_product18.cil.yml	false	ERROR (frontend failed)	2.390064	0.9590514820000067	220.246016
email_spec3_product19.cil.yml	false	ERROR (frontend failed)	1.750477	0.7322061739999981	158.605312
email_spec3_product23.cil.yml	false	ERROR (frontend failed)	2.055784	0.8271832899999936	195.477504
email_spec3_product24.cil.yml	false	ERROR (frontend failed)	1.915213	0.7776140260000375	183.934976
email_spec3_product25.cil.yml	false	ERROR (frontend failed)	2.37018	0.9575988420000385	213.622784
email_spec3_product27.cil.yml	false	ERROR (frontend failed)	1.832405	0.7816403890000174	174.956544
email_spec3_product28.cil.yml	false	ERROR (frontend failed)	1.815976	0.7476931580000041	167.567360
email_spec3_product29.cil.yml	false	ERROR (frontend failed)	1.883087	0.7780803289999767	178.008064
email_spec3_product30.cil.yml	false	ERROR (frontend failed)	1.771104	0.7456495360000304	163.713024
email_spec3_product31.cil.yml	false	ERROR (frontend failed)	2.504103	0.9684087150000096	216.285184
email_spec3_product32.cil.yml	false	ERROR (frontend failed)	2.13272	0.8568677100000173	200.392704
email_spec3_product33.cil.yml	false	ERROR (frontend failed)	1.860151	0.7740769979999982	176.373760
email_spec3_product34.cil.yml	false	ERROR (frontend failed)	1.822267	0.7487159750000387	160.161792
email_spec3_product35.cil.yml	false	ERROR (frontend failed)	2.016911	0.8107843399999979	193.515520
email_spec3_productSimulator.cil.yml	false	ERROR (frontend failed)	1.772988	0.7405760440000222	166.854656
email_spec4_product13.cil.yml	true	ERROR (frontend failed)	2.049823	0.8375237449999986	195.166208
email_spec4_product17.cil.yml	true	ERROR (frontend failed)	2.502034	0.9697508950000042	221.245440
email_spec4_product18.cil.yml	false	ERROR (frontend failed)	2.553399	0.9734604409999861	247.336960
email_spec4_product19.cil.yml	false	ERROR (frontend failed)	1.907637	0.7738068390000308	183.836672
email_spec4_product23.cil.yml	false	ERROR (frontend failed)	2.559386	0.9932363489999716	224.653312
email_spec4_product24.cil.yml	false	ERROR (frontend failed)	2.335157	0.8970420750000017	210.956288
email_spec4_product25.cil.yml	false	ERROR (frontend failed)	1.759909	0.7394234540000184	157.589504
email_spec4_product27.cil.yml	false	ERROR (frontend failed)	1.765354	0.725383647000001	157.720576
email_spec4_product28.cil.yml	true	ERROR (frontend failed)	2.185127	0.8810680619999971	205.086720
email_spec4_product29.cil.yml	true	ERROR (frontend failed)	1.97971	0.7957085440000355	198.840320
email_spec4_product30.cil.yml	false	ERROR (frontend failed)	1.765904	0.7392394720000084	160.677888
email_spec4_product31.cil.yml	false	ERROR (frontend failed)	2.585137	0.9978101490000313	228.352000
email_spec4_product32.cil.yml	false	ERROR (frontend failed)	2.424263	0.9434134399999721	224.669696
email_spec4_product33.cil.yml	false	ERROR (frontend failed)	1.833954	0.7474367090000555	172.417024
email_spec4_product34.cil.yml	false	ERROR (frontend failed)	2.009833	0.8175226539999585	198.914048
email_spec4_product35.cil.yml	false	ERROR (frontend failed)	1.708956	0.7172233629999596	156.733440
email_spec4_productSimulator.cil.yml	false	ERROR (frontend failed)	1.914342	0.7888569179999649	177.668096
email_spec6_product12.cil.yml	false	ERROR (frontend failed)	1.812816	0.7472337649999758	173.195264
email_spec6_product14.cil.yml	false	ERROR (frontend failed)	2.025177	0.8326713139999811	196.259840
email_spec6_product15.cil.yml	false	ERROR (frontend failed)	2.235945	0.8816941150000162	208.379904
email_spec6_product16.cil.yml	false	ERROR (frontend failed)	1.947768	0.8138240420000216	193.236992
email_spec6_product20.cil.yml	false	ERROR (frontend failed)	2.661531	1.0114415630000053	232.554496
email_spec6_product21.cil.yml	false	ERROR (frontend failed)	1.725974	0.7238053670000113	158.998528
email_spec6_product22.cil.yml	false	ERROR (frontend failed)	2.358129	0.9305545540000253	218.914816
email_spec6_product26.cil.yml	false	ERROR (frontend failed)	1.841944	0.7537167259999933	183.922688
email_spec6_product28.cil.yml	false	ERROR (frontend failed)	2.01041	0.8307482620000428	189.595648
email_spec6_product29.cil.yml	false	ERROR (frontend failed)	1.935358	0.7771245569999792	184.909824
email_spec6_product30.cil.yml	false	ERROR (frontend failed)	2.877129	1.06864130200006	245.813248
email_spec6_product31.cil.yml	false	ERROR (frontend failed)	1.710629	0.7165007310001101	157.356032
email_spec6_product32.cil.yml	false	ERROR (frontend failed)	2.990276	1.1116059140000516	239.734784
email_spec6_product33.cil.yml	false	ERROR (frontend failed)	1.758512	0.7348893399999952	157.327360
email_spec6_product34.cil.yml	false	ERROR (frontend failed)	1.759129	0.7446108909999793	163.598336
email_spec6_product35.cil.yml	false	ERROR (frontend failed)	2.197362	0.88885751600003	203.309056
email_spec6_productSimulator.cil.yml	false	ERROR (frontend failed)	1.725813	0.719518758999925	161.976320
email_spec7_product13.cil.yml	true	ERROR (frontend failed)	2.00459	0.8314930540000205	196.317184
email_spec7_product17.cil.yml	true	ERROR (frontend failed)	2.028985	0.8376343229999748	194.007040
email_spec7_product18.cil.yml	true	ERROR (frontend failed)	1.737181	0.7179291459999604	157.913088
email_spec7_product19.cil.yml	true	ERROR (frontend failed)	1.761654	0.7470557340000141	158.924800
email_spec7_product23.cil.yml	true	ERROR (frontend failed)	2.109757	0.8603719919999548	197.558272
email_spec7_product24.cil.yml	true	ERROR (frontend failed)	2.114278	0.8879897499999743	201.113600
email_spec7_product25.cil.yml	true	ERROR (frontend failed)	2.146832	0.8541820649999181	194.633728
email_spec7_product27.cil.yml	true	ERROR (frontend failed)	2.143415	0.8752660750000132	202.887168
email_spec7_product28.cil.yml	false	ERROR (frontend failed)	1.804715	0.7478925469999922	175.157248
email_spec7_product29.cil.yml	false	ERROR (frontend failed)	1.925263	0.7844743360000166	194.682880
email_spec7_product30.cil.yml	false	ERROR (frontend failed)	1.929521	0.7765876700000263	184.823808
email_spec7_product31.cil.yml	false	ERROR (frontend failed)	1.953024	0.8011049059999777	193.187840
email_spec7_product32.cil.yml	false	ERROR (frontend failed)	1.725734	0.7340075289999959	163.971072
email_spec7_product33.cil.yml	false	ERROR (frontend failed)	1.822835	0.746003332999976	171.782144
email_spec7_product34.cil.yml	false	ERROR (frontend failed)	1.984751	0.8073069570000371	193.171456
email_spec7_product35.cil.yml	false	ERROR (frontend failed)	1.717731	0.7327340790000108	158.920704
email_spec7_productSimulator.cil.yml	false	ERROR (frontend failed)	2.354065	0.9131766610000795	214.740992
email_spec8_product12.cil.yml	true	ERROR (frontend failed)	1.872939	0.7581831859999966	184.070144
email_spec8_product14.cil.yml	true	ERROR (frontend failed)	1.882369	0.7731905319999441	183.730176
email_spec8_product15.cil.yml	false	ERROR (frontend failed)	2.460414	0.9673533220000081	215.580672
email_spec8_product16.cil.yml	false	ERROR (frontend failed)	2.309628	0.9004489060000651	208.703488
email_spec8_product20.cil.yml	false	ERROR (frontend failed)	1.957407	0.8091170970000121	192.872448
email_spec8_product21.cil.yml	false	ERROR (frontend failed)	1.949893	0.8133508720000009	192.233472
email_spec8_product22.cil.yml	false	ERROR (frontend failed)	1.937332	0.7762043100000255	192.987136
email_spec8_product26.cil.yml	false	ERROR (frontend failed)	2.006637	0.8125465040000108	193.609728
email_spec8_product28.cil.yml	true	ERROR (frontend failed)	1.936764	0.797838646999935	185.405440
email_spec8_product29.cil.yml	true	ERROR (frontend failed)	2.303047	0.9063463080000247	219.770880
email_spec8_product30.cil.yml	false	ERROR (frontend failed)	1.98478	0.8234523499999113	191.942656
email_spec8_product31.cil.yml	false	ERROR (frontend failed)	2.477118	0.9580239429999438	222.281728
email_spec8_product32.cil.yml	false	ERROR (frontend failed)	2.556769	0.9934150349999982	224.604160
email_spec8_product33.cil.yml	false	ERROR (frontend failed)	1.957285	0.7975856980000344	194.428928
email_spec8_product34.cil.yml	false	ERROR (frontend failed)	1.7166	0.7124005019999231	156.868608
email_spec8_product35.cil.yml	false	ERROR (frontend failed)	2.194533	0.8663416389999838	203.403264
email_spec8_productSimulator.cil.yml	false	ERROR (frontend failed)	2.010885	0.8180821919999062	199.110656
email_spec9_product12.cil.yml	true	ERROR (frontend failed)	1.709239	0.7204166970000188	160.137216
email_spec9_product14.cil.yml	true	ERROR (frontend failed)	1.902402	0.7652697339999577	185.298944
email_spec9_product15.cil.yml	false	ERROR (frontend failed)	2.220108	0.9177415689999862	210.919424
email_spec9_product16.cil.yml	false	ERROR (frontend failed)	1.760664	0.730026458999987	160.448512
email_spec9_product20.cil.yml	false	ERROR (frontend failed)	2.049296	0.8364705889999868	198.266880
email_spec9_product21.cil.yml	false	ERROR (frontend failed)	2.183289	0.8587787390000585	203.964416
email_spec9_product22.cil.yml	false	ERROR (frontend failed)	1.765967	0.7220819660000188	161.333248
email_spec9_product26.cil.yml	false	ERROR (frontend failed)	1.994182	0.8258843129999605	185.085952
email_spec9_product28.cil.yml	true	ERROR (frontend failed)	1.762719	0.7234892179999406	159.842304
email_spec9_product29.cil.yml	true	ERROR (frontend failed)	1.831663	0.7645826020000186	166.322176
email_spec9_product30.cil.yml	false	ERROR (frontend failed)	1.892126	0.7588317690000395	175.534080
email_spec9_product31.cil.yml	false	ERROR (frontend failed)	1.728882	0.72691466699996	158.003200
email_spec9_product32.cil.yml	false	ERROR (frontend failed)	1.772566	0.7397347990000753	164.749312
email_spec9_product33.cil.yml	false	ERROR (frontend failed)	1.810223	0.7695136110000931	166.207488
email_spec9_product34.cil.yml	false	ERROR (frontend failed)	1.818562	0.7540391730000238	165.056512
email_spec9_product35.cil.yml	false	ERROR (frontend failed)	1.952629	0.799196787000028	190.545920
email_spec9_productSimulator.cil.yml	false	ERROR (frontend failed)	2.475511	0.9608226459999969	233.869312
minepump_spec1_product01.cil.yml	true	ERROR (frontend failed)	1.969874	0.7779819060000364	189.288448
minepump_spec1_product02.cil.yml	true	ERROR (frontend failed)	1.922871	0.765630127999998	183.451648
minepump_spec1_product03.cil.yml	true	ERROR (frontend failed)	2.013107	0.8411601130000008	197.750784
minepump_spec1_product04.cil.yml	true	ERROR (frontend failed)	2.038877	0.8345517510000491	199.348224
minepump_spec1_product05.cil.yml	true	ERROR (frontend failed)	1.99629	0.8084107339999491	196.816896
minepump_spec1_product06.cil.yml	true	ERROR (frontend failed)	1.90842	0.7720328399999516	191.832064
minepump_spec1_product07.cil.yml	true	ERROR (frontend failed)	2.092358	0.8627910520000341	197.271552
minepump_spec1_product08.cil.yml	true	ERROR (frontend failed)	1.989093	0.8000292229999104	193.617920
minepump_spec1_product09.cil.yml	true	ERROR (frontend failed)	1.962913	0.8067054389999839	194.351104
minepump_spec1_product10.cil.yml	true	ERROR (frontend failed)	1.958045	0.7991802779999944	191.213568
minepump_spec1_product11.cil.yml	true	ERROR (frontend failed)	1.994706	0.8084195580000824	189.734912
minepump_spec1_product12.cil.yml	true	ERROR (frontend failed)	1.990206	0.8305120370000623	189.775872
minepump_spec1_product13.cil.yml	true	ERROR (frontend failed)	1.961155	0.8198664269999654	186.322944
minepump_spec1_product14.cil.yml	true	ERROR (frontend failed)	1.881164	0.7684190759999865	181.383168
minepump_spec1_product15.cil.yml	true	ERROR (frontend failed)	1.970593	0.7895406169999433	188.485632
minepump_spec1_product16.cil.yml	true	ERROR (frontend failed)	2.026287	0.8223161320000827	199.327744
minepump_spec1_product17.cil.yml	true	ERROR (frontend failed)	1.885658	0.7699447920000466	173.715456
minepump_spec1_product18.cil.yml	true	ERROR (frontend failed)	1.916817	0.7911594149999246	183.754752
minepump_spec1_product19.cil.yml	true	ERROR (frontend failed)	2.00087	0.8133988990000489	188.616704
minepump_spec1_product20.cil.yml	true	ERROR (frontend failed)	2.099298	0.8529423929999211	197.648384
minepump_spec1_product21.cil.yml	true	ERROR (frontend failed)	1.96931	0.8090040000000727	193.155072
minepump_spec1_product22.cil.yml	true	ERROR (frontend failed)	1.944501	0.7952010050000808	184.553472
minepump_spec1_product23.cil.yml	true	ERROR (frontend failed)	1.916472	0.7830104969999638	194.920448
minepump_spec1_product24.cil.yml	true	ERROR (frontend failed)	1.958466	0.8225518740000552	186.175488
minepump_spec1_product25.cil.yml	true	ERROR (frontend failed)	2.079979	0.8518380799999932	196.694016
minepump_spec1_product26.cil.yml	true	ERROR (frontend failed)	2.086341	0.8320344219999924	195.637248
minepump_spec1_product27.cil.yml	true	ERROR (frontend failed)	2.013146	0.8086126449999256	194.809856
minepump_spec1_product28.cil.yml	true	ERROR (frontend failed)	1.916275	0.7962151499999663	183.853056
minepump_spec1_product29.cil.yml	true	ERROR (frontend failed)	2.102751	0.8634984969999095	199.823360
minepump_spec1_product30.cil.yml	true	ERROR (frontend failed)	1.951431	0.7984986769999978	194.236416
minepump_spec1_product31.cil.yml	true	ERROR (frontend failed)	2.140274	0.852304479000054	196.632576
minepump_spec1_product32.cil.yml	true	ERROR (frontend failed)	1.817295	0.7487769909999997	174.854144
minepump_spec1_product33.cil.yml	false	ERROR (frontend failed)	1.90798	0.7890226519999715	183.222272
minepump_spec1_product34.cil.yml	false	ERROR (frontend failed)	2.025515	0.8166752689999157	196.358144
minepump_spec1_product35.cil.yml	false	ERROR (frontend failed)	2.063599	0.8396423570000024	200.331264
minepump_spec1_product36.cil.yml	false	ERROR (frontend failed)	1.951053	0.7980638840000438	189.526016
minepump_spec1_product37.cil.yml	false	ERROR (frontend failed)	1.951313	0.8120115100000476	187.695104
minepump_spec1_product38.cil.yml	false	ERROR (frontend failed)	1.915442	0.7627306650000492	185.376768
minepump_spec1_product39.cil.yml	false				
minepump_spec1_product40.cil.yml	false				
minepump_spec1_product41.cil.yml	false				
minepump_spec1_product42.cil.yml	false				
minepump_spec1_product43.cil.yml	false				
minepump_spec1_product44.cil.yml	false				
minepump_spec1_product45.cil.yml	true				
minepump_spec1_product46.cil.yml	true				
minepump_spec1_product47.cil.yml	true				
minepump_spec1_product48.cil.yml	true				
minepump_spec1_product49.cil.yml	false				
minepump_spec1_product50.cil.yml	false				
minepump_spec1_product51.cil.yml	false				
minepump_spec1_product52.cil.yml	false				
minepump_spec1_product53.cil.yml	false				
minepump_spec1_product54.cil.yml	false				
minepump_spec1_product55.cil.yml	false				
minepump_spec1_product56.cil.yml	false				
minepump_spec1_product57.cil.yml	true				
minepump_spec1_product58.cil.yml	true				
minepump_spec1_product59.cil.yml	true				
minepump_spec1_product60.cil.yml	true				
minepump_spec1_product61.cil.yml	true				
minepump_spec1_product62.cil.yml	true				
minepump_spec1_product63.cil.yml	true				
minepump_spec1_product64.cil.yml	true				
minepump_spec1_productSimulator.cil.yml	false				
minepump_spec2_product01.cil.yml	true				
minepump_spec2_product02.cil.yml	true				
minepump_spec2_product03.cil.yml	true				
minepump_spec2_product04.cil.yml	true				
minepump_spec2_product05.cil.yml	true				
minepump_spec2_product06.cil.yml	true				
minepump_spec2_product07.cil.yml	true				
minepump_spec2_product08.cil.yml	true				
minepump_spec2_product09.cil.yml	true				
minepump_spec2_product10.cil.yml	true				
minepump_spec2_product11.cil.yml	true				
minepump_spec2_product12.cil.yml	true				
minepump_spec2_product13.cil.yml	true				
minepump_spec2_product14.cil.yml	true				
minepump_spec2_product15.cil.yml	true				
minepump_spec2_product16.cil.yml	true				
minepump_spec2_product17.cil.yml	true				
minepump_spec2_product18.cil.yml	true				
minepump_spec2_product19.cil.yml	true				
minepump_spec2_product20.cil.yml	true				
minepump_spec2_product21.cil.yml	true				
minepump_spec2_product22.cil.yml	true				
minepump_spec2_product23.cil.yml	true				
minepump_spec2_product24.cil.yml	true				
minepump_spec2_product25.cil.yml	true				
minepump_spec2_product26.cil.yml	true				
minepump_spec2_product27.cil.yml	true				
minepump_spec2_product28.cil.yml	true				
minepump_spec2_product29.cil.yml	true				
minepump_spec2_product30.cil.yml	true				
minepump_spec2_product31.cil.yml	true				
minepump_spec2_product32.cil.yml	true				
minepump_spec2_product33.cil.yml	false				
minepump_spec2_product34.cil.yml	false				
minepump_spec2_product35.cil.yml	false				
minepump_spec2_product36.cil.yml	false				
minepump_spec2_product37.cil.yml	true				
minepump_spec2_product38.cil.yml	true				
minepump_spec2_product39.cil.yml	true				
minepump_spec2_product40.cil.yml	true				
minepump_spec2_product41.cil.yml	false				
minepump_spec2_product42.cil.yml	false				
minepump_spec2_product43.cil.yml	false				
minepump_spec2_product44.cil.yml	false				
minepump_spec2_product45.cil.yml	true				
minepump_spec2_product46.cil.yml	true				
minepump_spec2_product47.cil.yml	true				
minepump_spec2_product48.cil.yml	true				
minepump_spec2_product49.cil.yml	true				
minepump_spec2_product50.cil.yml	true				
minepump_spec2_product51.cil.yml	true				
minepump_spec2_product52.cil.yml	true				
minepump_spec2_product53.cil.yml	true				
minepump_spec2_product54.cil.yml	true				
minepump_spec2_product55.cil.yml	true				
minepump_spec2_product56.cil.yml	true				
minepump_spec2_product57.cil.yml	true				
minepump_spec2_product58.cil.yml	true				
minepump_spec2_product59.cil.yml	true				
minepump_spec2_product60.cil.yml	true				
minepump_spec2_product61.cil.yml	true				
minepump_spec2_product62.cil.yml	true				
minepump_spec2_product63.cil.yml	true				
minepump_spec2_product64.cil.yml	true				
minepump_spec2_productSimulator.cil.yml	false				
minepump_spec3_product01.cil.yml	false				
minepump_spec3_product02.cil.yml	false				
minepump_spec3_product03.cil.yml	false				
minepump_spec3_product04.cil.yml	false				
minepump_spec3_product05.cil.yml	false				
minepump_spec3_product06.cil.yml	false				
minepump_spec3_product07.cil.yml	false				
minepump_spec3_product08.cil.yml	false				
minepump_spec3_product09.cil.yml	false				
minepump_spec3_product10.cil.yml	false				
minepump_spec3_product11.cil.yml	false				
minepump_spec3_product12.cil.yml	false				
minepump_spec3_product13.cil.yml	false				
minepump_spec3_product14.cil.yml	false				
minepump_spec3_product15.cil.yml	false				
minepump_spec3_product16.cil.yml	false				
minepump_spec3_product17.cil.yml	false				
minepump_spec3_product18.cil.yml	false				
minepump_spec3_product19.cil.yml	false				
minepump_spec3_product20.cil.yml	false				
minepump_spec3_product21.cil.yml	false				
minepump_spec3_product22.cil.yml	false				
minepump_spec3_product23.cil.yml	false				
minepump_spec3_product24.cil.yml	false				
minepump_spec3_product25.cil.yml	false				
minepump_spec3_product26.cil.yml	false				
minepump_spec3_product27.cil.yml	false				
minepump_spec3_product28.cil.yml	false				
minepump_spec3_product29.cil.yml	false				
minepump_spec3_product30.cil.yml	false				
minepump_spec3_product31.cil.yml	false				
minepump_spec3_product32.cil.yml	false				
minepump_spec3_product33.cil.yml	true				
minepump_spec3_product34.cil.yml	true				
minepump_spec3_product35.cil.yml	false				
minepump_spec3_product36.cil.yml	false				
minepump_spec3_product37.cil.yml	true				
minepump_spec3_product38.cil.yml	true				
minepump_spec3_product39.cil.yml	false				
minepump_spec3_product40.cil.yml	false				
minepump_spec3_product41.cil.yml	true				
minepump_spec3_product42.cil.yml	true				
minepump_spec3_product43.cil.yml	false				
minepump_spec3_product44.cil.yml	false				
minepump_spec3_product45.cil.yml	true				
minepump_spec3_product46.cil.yml	true				
minepump_spec3_product47.cil.yml	false				
minepump_spec3_product48.cil.yml	false				
minepump_spec3_product49.cil.yml	true				
minepump_spec3_product50.cil.yml	true				
minepump_spec3_product51.cil.yml	false				
minepump_spec3_product52.cil.yml	false				
minepump_spec3_product53.cil.yml	true				
minepump_spec3_product54.cil.yml	true				
minepump_spec3_product55.cil.yml	false				
minepump_spec3_product56.cil.yml	false				
minepump_spec3_product57.cil.yml	true				
minepump_spec3_product58.cil.yml	true				
minepump_spec3_product59.cil.yml	false				
minepump_spec3_product60.cil.yml	false				
minepump_spec3_product61.cil.yml	true				
minepump_spec3_product62.cil.yml	true				
minepump_spec3_product63.cil.yml	false				
minepump_spec3_product64.cil.yml	false				
minepump_spec3_productSimulator.cil.yml	false				
minepump_spec4_product01.cil.yml	true				
minepump_spec4_product02.cil.yml	true				
minepump_spec4_product03.cil.yml	true				
minepump_spec4_product04.cil.yml	true				
minepump_spec4_product05.cil.yml	true				
minepump_spec4_product06.cil.yml	true				
minepump_spec4_product07.cil.yml	true				
minepump_spec4_product08.cil.yml	true				
minepump_spec4_product09.cil.yml	true				
minepump_spec4_product10.cil.yml	true				
minepump_spec4_product11.cil.yml	true				
minepump_spec4_product12.cil.yml	true				
minepump_spec4_product13.cil.yml	true				
minepump_spec4_product14.cil.yml	true				
minepump_spec4_product15.cil.yml	true				
minepump_spec4_product16.cil.yml	true				
minepump_spec4_product17.cil.yml	true				
minepump_spec4_product18.cil.yml	true				
minepump_spec4_product19.cil.yml	true				
minepump_spec4_product20.cil.yml	true				
minepump_spec4_product21.cil.yml	true				
minepump_spec4_product22.cil.yml	true				
minepump_spec4_product23.cil.yml	true				
minepump_spec4_product24.cil.yml	true				
minepump_spec4_product25.cil.yml	true				
minepump_spec4_product26.cil.yml	true				
minepump_spec4_product27.cil.yml	true				
minepump_spec4_product28.cil.yml	true				
minepump_spec4_product29.cil.yml	true				
minepump_spec4_product30.cil.yml	true				
minepump_spec4_product31.cil.yml	true				
minepump_spec4_product32.cil.yml	true				
minepump_spec4_product33.cil.yml	false				
minepump_spec4_product34.cil.yml	false				
minepump_spec4_product35.cil.yml	false				
minepump_spec4_product36.cil.yml	false				
minepump_spec4_product37.cil.yml	false				
minepump_spec4_product38.cil.yml	false				
minepump_spec4_product39.cil.yml	false				
minepump_spec4_product40.cil.yml	false				
minepump_spec4_product41.cil.yml	false				
minepump_spec4_product42.cil.yml	false				
minepump_spec4_product43.cil.yml	false				
minepump_spec4_product44.cil.yml	false				
minepump_spec4_product45.cil.yml	false				
minepump_spec4_product46.cil.yml	false				
minepump_spec4_product47.cil.yml	false				
minepump_spec4_product48.cil.yml	false				
minepump_spec4_product49.cil.yml	true				
minepump_spec4_product50.cil.yml	true				
minepump_spec4_product51.cil.yml	true				
minepump_spec4_product52.cil.yml	true				
minepump_spec4_product53.cil.yml	true				
minepump_spec4_product54.cil.yml	true				
minepump_spec4_product55.cil.yml	true				
minepump_spec4_product56.cil.yml	true				
minepump_spec4_product57.cil.yml	true				
minepump_spec4_product58.cil.yml	true				
minepump_spec4_product59.cil.yml	true				
minepump_spec4_product60.cil.yml	true				
minepump_spec4_product61.cil.yml	true				
minepump_spec4_product62.cil.yml	true				
minepump_spec4_product63.cil.yml	true				
minepump_spec4_product64.cil.yml	true				
minepump_spec4_productSimulator.cil.yml	false				
minepump_spec5_product01.cil.yml	true				
minepump_spec5_product02.cil.yml	true				
minepump_spec5_product03.cil.yml	true				
minepump_spec5_product04.cil.yml	true				
minepump_spec5_product05.cil.yml	true				
minepump_spec5_product06.cil.yml	true				
minepump_spec5_product07.cil.yml	true				
minepump_spec5_product08.cil.yml	true				
minepump_spec5_product09.cil.yml	true				
minepump_spec5_product10.cil.yml	true				
minepump_spec5_product11.cil.yml	true				
minepump_spec5_product12.cil.yml	true				
minepump_spec5_product13.cil.yml	true				
minepump_spec5_product14.cil.yml	true				
minepump_spec5_product15.cil.yml	true				
minepump_spec5_product16.cil.yml	true				
minepump_spec5_product17.cil.yml	true				
minepump_spec5_product18.cil.yml	true				
minepump_spec5_product19.cil.yml	true				
minepump_spec5_product20.cil.yml	true				
minepump_spec5_product21.cil.yml	true				
minepump_spec5_product22.cil.yml	true				
minepump_spec5_product23.cil.yml	true				
minepump_spec5_product24.cil.yml	true				
minepump_spec5_product25.cil.yml	true				
minepump_spec5_product26.cil.yml	true				
minepump_spec5_product27.cil.yml	true				
minepump_spec5_product28.cil.yml	true				
minepump_spec5_product29.cil.yml	true				
minepump_spec5_product30.cil.yml	true				
minepump_spec5_product31.cil.yml	true				
minepump_spec5_product32.cil.yml	true				
minepump_spec5_product33.cil.yml	true				
minepump_spec5_product34.cil.yml	true				
minepump_spec5_product35.cil.yml	true				
minepump_spec5_product36.cil.yml	true				
minepump_spec5_product37.cil.yml	true				
minepump_spec5_product38.cil.yml	true				
minepump_spec5_product39.cil.yml	true				
minepump_spec5_product40.cil.yml	true				
minepump_spec5_product41.cil.yml	true				
minepump_spec5_product42.cil.yml	true				
minepump_spec5_product43.cil.yml	true				
minepump_spec5_product44.cil.yml	true				
minepump_spec5_product45.cil.yml	true				
minepump_spec5_product46.cil.yml	true				
minepump_spec5_product47.cil.yml	true				
minepump_spec5_product48.cil.yml	true				
minepump_spec5_product49.cil.yml	true				
minepump_spec5_product50.cil.yml	true				
minepump_spec5_product51.cil.yml	true				
minepump_spec5_product52.cil.yml	true				
minepump_spec5_product53.cil.yml	true				
minepump_spec5_product54.cil.yml	true				
minepump_spec5_product55.cil.yml	true				
minepump_spec5_product56.cil.yml	true				
minepump_spec5_product57.cil.yml	true				
minepump_spec5_product58.cil.yml	true				
minepump_spec5_product59.cil.yml	true				
minepump_spec5_product60.cil.yml	true				
minepump_spec5_product61.cil.yml	true				
minepump_spec5_product62.cil.yml	true				
minepump_spec5_product63.cil.yml	true				
minepump_spec5_product64.cil.yml	true				
minepump_spec5_productSimulator.cil.yml	true				
