tool	Theta 6.5.1	Theta 6.5.1	Theta 6.5.1	Theta 6.5.1
run set	SV-COMP24_no-overflow.ConcurrencySafety-NoOverflows	SV-COMP24_no-overflow.ConcurrencySafety-NoOverflows	SV-COMP24_no-overflow.ConcurrencySafety-NoOverflows	SV-COMP24_no-overflow.ConcurrencySafety-NoOverflows
../sv-benchmarks/c/	status	cputime (s)	walltime (s)	memory (MB)
pthread-ext/18_read_write_lock-pthread.yml	Parsing OK	4.200207	1.459624673999997	307.224576
pthread-atomic/read_write_lock-1.yml	Parsing OK	4.503324	1.554565369000045	308.858880
pthread-wmm/rfi003_tso.yml	Parsing OK	5.948381	1.998518123999986	334.254080
pthread/lazy01.yml	Parsing OK	4.044682	1.4454344260000198	308.039680
pthread-wmm/mix000.oepc.yml	Parsing OK	5.505653	1.853279074999989	304.504832
goblint-regression/13-privatized_41-traces-ex-7_unknown_1_pos.yml	Parsing OK	3.765439	1.362348940000004	289.968128
pthread-wmm/safe032_tso.yml	Parsing OK	3.749946	1.309223043999964	286.052352
goblint-regression/13-privatized_37-traces-ex-4_true.yml	Parsing OK	4.232211	1.5125685040000008	296.898560
pthread-C-DAC/pthread-demo-datarace-3.yml	Parsing OK	6.063526	2.0873432800000273	352.886784
goblint-regression/13-privatized_31-traces-mine-vs-mutex_true.yml	Parsing OK	3.745305	1.353857803999972	293.273600
pthread-ext/31_simple_loop5_vs-pthread.yml	Parsing OK	4.184463	1.481356087999984	308.682752
pthread-wmm/safe030_tso.yml	Parsing OK	4.45205	1.5940127509999797	311.988224
pthread-wmm/safe018_power.opt.yml	Parsing OK	5.725487	1.9235412670000187	361.594880
pthread-wmm/safe026_tso.yml	Parsing OK	3.773441	1.3231260559999782	295.063552
pthread/fib_safe-11.yml	Parsing OK	5.032216	1.689602659000002	307.957760
pthread-wmm/safe024_tso.yml	Parsing OK	4.646203	1.6081145510000283	299.855872
pthread-ext/08_rand_cas.yml	Parsing OK	4.32611	1.4673050140000328	296.906752
goblint-regression/13-privatized_19-publish-precision_unknown_2_pos.yml	Parsing OK	4.282721	1.5215332880000005	296.415232
pthread-wmm/mix057_power.oepc_pso.oepc_rmo.oepc.yml	Parsing OK	5.753776	1.9326665190000085	341.397504
pthread-wmm/mix023_power.opt_pso.opt_rmo.opt.yml	Parsing OK	4.724058	1.5859750209999675	332.386304
pthread-wmm/mix032.oepc.yml	Parsing OK	5.374653	1.819731374000014	345.473024
pthread-wmm/mix030_power.opt_pso.opt_rmo.opt.yml	Parsing OK	5.577307	1.871824509000021	340.815872
pthread-wmm/mix036_pso.opt_tso.opt.yml	Parsing OK	4.882749	1.6475744030000214	334.700544
pthread-wmm/mix034_pso.opt_tso.opt.yml	Parsing OK	4.847199	1.6379498990000343	293.388288
pthread-wmm/safe012_rmo.oepc.yml	Parsing OK	4.530736	1.5334269719999725	288.903168
pthread-wmm/mix005.opt.yml	Parsing OK	6.236558	2.0925448600000323	363.810816
pthread-wmm/rfi004.yml	Parsing OK	4.884839	1.6513777810000079	306.507776
pthread-ext/11_fmaxsymopt-pthread.yml	Parsing OK	3.662923	1.2787593669999637	304.095232
pthread-wmm/mix019.opt.yml	Parsing OK	5.407962	1.8260324009999636	313.987072
pthread-wmm/safe019_power.opt.yml	Parsing OK	6.250864	2.080036122000024	357.072896
pthread-wmm/safe031_power.oepc_pso.oepc_rmo.oepc.yml	Parsing OK	5.317195	1.8103919579999683	302.628864
pthread/triangular-longest-2.yml	Parsing OK	3.615205	1.262487544999999	300.818432
pthread-wmm/mix016_pso.opt_tso.opt.yml	Parsing OK	5.610658	1.9014169239999887	323.567616
goblint-regression/28-race_reach_46-escape_racefree.yml	Parsing OK	4.005473	1.4292805200000203	300.007424
pthread-wmm/mix019_power.oepc_pso.oepc_rmo.oepc.yml	Parsing OK	4.580914	1.5452994739999895	301.649920
pthread-wmm/mix018_power.oepc_pso.oepc_rmo.oepc.yml	Parsing OK	5.804833	1.9537708309999857	355.098624
pthread-wmm/safe007_pso.oepc_pso.opt_tso.oepc_tso.opt-thin001_pso.oepc_pso.opt_tso.oepc_tso.opt.yml	Parsing OK	4.494396	1.5613716379999687	300.892160
pthread-wmm/safe005_power.oepc_power.opt_pso.oepc_pso.opt_rmo.oepc_rmo.opt.yml	Parsing OK	4.39333	1.4644039209999846	288.067584
pthread-ext/40_barrier_vf-pthread.yml	Parsing OK	3.435574	1.2137923669999964	295.788544
pthread-wmm/safe015_rmo.yml	Parsing OK	5.843309	1.964812988999995	355.479552
goblint-regression/13-privatized_18-first-reads_unknown_1_neg.yml	Parsing OK	4.124638	1.4594619110000053	297.050112
pthread/fib_unsafe-11.yml	Parsing OK	4.858256	1.656036716000017	302.141440
pthread-lit/qw2004-2b.yml	Parsing OK	3.933542	1.378761054999984	298.774528
pthread-wmm/mix055_tso.oepc.yml	Parsing OK	4.724161	1.5910295379999866	341.913600
pthread-deagle/circular_buffer_ok.yml	Parsing OK	4.474626	1.489949584000044	305.250304
pthread-wmm/safe035_power.yml	Parsing OK	5.817568	1.9378029790000255	362.381312
pthread-ext/14_spin2003.yml	Parsing OK	4.175474	1.4731396889999928	300.011520
pthread/fib_safe-10.yml	Parsing OK	5.125795	1.7467063510000003	311.996416
pthread-ext/45_monabsex1_vs.yml	Parsing OK	3.997593	1.4317612189999522	294.637568
pthread-wmm/safe004_tso.yml	Parsing OK	3.712315	1.2988997070000323	296.054784
