tool		Theta 6.17.4	Theta 6.17.4	Theta 6.17.4	Theta 6.17.4
run set		SV-COMP25_no-data-race.NoDataRace-Main	SV-COMP25_no-data-race.NoDataRace-Main	SV-COMP25_no-data-race.NoDataRace-Main	SV-COMP25_no-data-race.NoDataRace-Main
../sv-benchmarks/c/		status	cputime (s)	walltime (s)	memory (MB)
pthread/bigshot_p.yml	false	ERROR (server error, after parsing finished)	3.385162	1.6865165139999476	248.029184
pthread/bigshot_s.yml	true	ERROR (server error, after parsing finished)	4.868894	1.7330531889999747	260.886528
pthread/bigshot_s2.yml	true	ERROR (server error, after parsing finished)	3.437713	1.5494553589999782	248.864768
pthread/butterfly.yml	true	ERROR (server error, after parsing finished)	3.152352	1.360683929000004	228.253696
pthread/fib_safe-10-racy.yml	false	ERROR (server error, after parsing finished)	3.13998	1.3813605550000148	230.047744
pthread/fib_safe-10.yml	true	ERROR (server error, after parsing finished)	3.906107	1.3576859959999865	247.193600
pthread/fib_safe-11-racy.yml	false	ERROR (server error, after parsing finished)	3.158316	1.4038240670000164	229.683200
pthread/fib_safe-11.yml	true	ERROR (server error, after parsing finished)	3.999654	1.376700894999999	254.013440
pthread/fib_safe-12-racy.yml	false	ERROR (server error, after parsing finished)	3.108805	1.3892350510000142	228.958208
pthread/fib_safe-12.yml	true	ERROR (server error, after parsing finished)	3.295375	1.4584171999999853	237.801472
pthread/fib_safe-5-racy.yml	false	ERROR (server error, after parsing finished)	3.207113	1.4218906009999728	229.662720
pthread/fib_safe-5.yml	true	ERROR (server error, after parsing finished)	3.609924	1.2474598930000411	254.222336
pthread/fib_safe-6-racy.yml	false	ERROR (server error, after parsing finished)	2.941434	1.2892032540000287	229.203968
pthread/fib_safe-6.yml	true	ERROR (server error, after parsing finished)	3.05187	1.7288404259999766	238.338048
pthread/fib_safe-7-racy.yml	false	ERROR (server error, after parsing finished)	3.011711	1.317006258000049	233.238528
pthread/fib_safe-7.yml	true	ERROR (server error, after parsing finished)	2.921788	1.252944388000003	239.431680
pthread/fib_unsafe-10-racy.yml	false	ERROR (server error, after parsing finished)	3.306481	1.499988062	231.481344
pthread/fib_unsafe-10.yml	true	ERROR (server error, after parsing finished)	3.109402	1.4706967330000111	240.013312
pthread/fib_unsafe-11-racy.yml	false	ERROR (server error, after parsing finished)	2.930637	1.2715075709999724	229.199872
pthread/fib_unsafe-11.yml	true	ERROR (server error, after parsing finished)	2.875742	1.2428354900000045	235.761664
pthread/fib_unsafe-12-racy.yml	false	ERROR (server error, after parsing finished)	3.187622	1.4260286539999925	229.576704
pthread/fib_unsafe-12.yml	true	ERROR (server error, after parsing finished)	3.175422	1.4156581949999918	237.850624
pthread/fib_unsafe-5-racy.yml	false	ERROR (server error, after parsing finished)	3.098917	1.4011859489999665	229.347328
pthread/fib_unsafe-5.yml	true	ERROR (server error, after parsing finished)	3.380476	1.5119455440000138	237.678592
pthread/fib_unsafe-6-racy.yml	false	ERROR (server error, after parsing finished)	2.806909	1.2104938329999868	228.851712
pthread/fib_unsafe-6.yml	true	ERROR (server error, after parsing finished)	3.062144	1.3521744239999975	237.916160
pthread/fib_unsafe-7-racy.yml	false	ERROR (server error, after parsing finished)	3.129635	1.3997244799999748	229.748736
pthread/fib_unsafe-7.yml	true	ERROR (server error, after parsing finished)	3.361754	1.4854842980000171	239.800320
pthread/indexer.yml	false	ERROR (frontend failed, before parsing finished)	3.068789	1.3970732380000186	226.488320
pthread/lazy01.yml	true	ERROR (server error, after parsing finished)	2.844353	1.2859606420000205	228.319232
pthread/queue.yml	true	ERROR (server error, after parsing finished)	3.566166	1.5814425119999669	233.181184
pthread/queue_longer.yml	true	ERROR (server error, after parsing finished)	4.282456	1.8782817240000327	288.731136
pthread/queue_longest.yml	true	ERROR (server error, after parsing finished)	4.762032	2.0792889330000435	292.052992
pthread/queue_ok.yml	true	ERROR (server error, after parsing finished)	3.540837	1.5584534209999674	232.636416
pthread/queue_ok_longer.yml	true	ERROR (server error, after parsing finished)	4.347649	1.8448180850000426	288.149504
pthread/queue_ok_longest.yml	true	ERROR (server error, after parsing finished)	4.398017	1.8988775400000009	287.125504
pthread/reorder_2-race.yml	false	ERROR (frontend failed, before parsing finished)	3.132115	1.3938698409999688	254.234624
pthread/reorder_2.yml	true	ERROR (frontend failed, before parsing finished)	2.999794	1.3301170760000218	247.902208
pthread/reorder_5-race.yml	false	ERROR (frontend failed, before parsing finished)	3.019527	1.3677293570000302	246.857728
pthread/reorder_5.yml	true	ERROR (frontend failed, before parsing finished)	3.171475	1.422690512000031	247.549952
pthread/sigma.yml	false	ERROR (frontend failed, before parsing finished)	3.283177	1.5169640189999996	225.734656
pthread/singleton-b.yml	false	ERROR (server error, after parsing finished)	3.328786	1.459218498000041	244.051968
pthread/singleton.yml	true	ERROR (server error, after parsing finished)	3.245113	1.4133408379999537	237.670400
pthread/singleton_with-uninit-problems-b.yml	false	ERROR (server error, after parsing finished)	3.488976	1.5654491070000063	246.595584
pthread/singleton_with-uninit-problems.yml	true	ERROR (server error, after parsing finished)	3.339218	1.4691110440000443	249.978880
pthread/stack-1.yml	true	ERROR (server error, after parsing finished)	3.3374	1.4607896120000419	231.997440
pthread/stack-2.yml	true	ERROR (server error, after parsing finished)	3.210413	1.3798380979999934	230.563840
pthread/stack_longer-1.yml	true	ERROR (server error, after parsing finished)	4.037947	1.738073561999954	291.028992
pthread/stack_longer-2.yml	true	ERROR (server error, after parsing finished)	3.787797	1.6648294830000054	270.548992
pthread/stack_longest-1.yml	true	ERROR (server error, after parsing finished)	4.142704	1.8279090240000073	288.231424
pthread/stack_longest-2.yml	true	ERROR (server error, after parsing finished)	3.925745	1.7109797829999707	287.604736
pthread/stateful01-1.yml	true	ERROR (server error, after parsing finished)	3.261214	1.4684299130000227	227.700736
pthread/stateful01-2.yml	true	ERROR (server error, after parsing finished)	2.964243	1.3555477770000266	229.236736
pthread/sync01.yml	true	ERROR (server error, after parsing finished)	3.154409	1.3898173570000267	231.362560
pthread/triangular-1.yml	true	ERROR (server error, after parsing finished)	3.160059	1.4081742859999622	230.666240
pthread/triangular-2.yml	true	ERROR (server error, after parsing finished)	2.904512	1.2970677239999873	229.150720
pthread/triangular-longer-1.yml	true	ERROR (server error, after parsing finished)	3.21999	1.454945653999971	230.952960
pthread/triangular-longer-2.yml	true	ERROR (server error, after parsing finished)	3.007512	1.3044544539999947	230.006784
pthread/triangular-longest-1.yml	true	ERROR (server error, after parsing finished)	3.07576	1.3661261899999886	228.401152
pthread/triangular-longest-2.yml	true	ERROR (server error, after parsing finished)	2.902714	1.2794333199999528	227.377152
pthread/twostage_3-race.yml	false	ERROR (frontend failed, before parsing finished)	3.035223	1.3448887979999995	240.947200
pthread/twostage_3.yml	true	ERROR (frontend failed, before parsing finished)	3.053453	1.3651049050000097	247.459840
pthread-atomic/dekker-b-unfair.yml	false	ERROR (server error, after parsing finished)	3.202989	1.425492061	231.235584
pthread-atomic/dekker-b.yml	false	ERROR (server error, after parsing finished)	2.893587	1.2743445770000221	230.416384
pthread-atomic/dekker-unfair.yml	true	ERROR (server error, after parsing finished)	3.282088	1.4264219579999917	229.527552
pthread-atomic/dekker.yml	true	ERROR (server error, after parsing finished)	3.285644	1.4607003430000418	229.834752
pthread-atomic/gcd-2.yml	false	ERROR (server error, after parsing finished)	2.967501	1.2836350289999814	228.495360
pthread-atomic/lamport-b.yml	false	ERROR (server error, after parsing finished)	2.884222	1.2491905459999657	228.356096
pthread-atomic/lamport.yml	true	ERROR (server error, after parsing finished)	3.283799	1.4256982790000166	228.954112
pthread-atomic/peterson-b.yml	false	ERROR (server error, after parsing finished)	2.92437	1.272975640000027	232.734720
pthread-atomic/peterson.yml	true	ERROR (server error, after parsing finished)	2.86382	1.2837222229999838	229.187584
pthread-atomic/qrcu-1.yml	false	ERROR (server error, after parsing finished)	3.500866	1.5070573140000079	232.501248
pthread-atomic/qrcu-2.yml	false	ERROR (server error, after parsing finished)	3.580644	1.5309532699999977	231.882752
pthread-atomic/read_write_lock-1.yml	true	ERROR (server error, after parsing finished)	3.126939	1.4097788069999524	231.325696
pthread-atomic/read_write_lock-1b.yml	false	ERROR (server error, after parsing finished)	2.893256	1.271302024000022	230.838272
pthread-atomic/read_write_lock-2.yml	true	ERROR (server error, after parsing finished)	3.221311	1.4319642169999725	231.174144
pthread-atomic/read_write_lock-2b.yml	false	ERROR (server error, after parsing finished)	3.344734	1.5187618200000088	229.871616
pthread-atomic/scull.yml	false	ERROR (server error, after parsing finished)	4.253297	1.8325155649999942	247.287808
pthread-atomic/szymanski-b.yml	false	ERROR (server error, after parsing finished)	2.960164	1.3018445940000447	229.666816
pthread-atomic/szymanski.yml	true	ERROR (server error, after parsing finished)	2.871019	1.2515677779999805	229.736448
pthread-atomic/time_var_mutex.yml	true	ERROR (server error, after parsing finished)	3.303606	1.4704658530000074	232.480768
pthread-ext/01_inc.yml	false	ERROR (server error, after parsing finished)	2.875047	1.253460753000013	227.389440
pthread-ext/01b_inc.yml	true	ERROR (server error, after parsing finished)	2.748492	1.2008067669999605	228.638720
pthread-ext/02_inc_cas.yml	true	ERROR (server error, after parsing finished)	2.844266	1.2680784319999816	228.614144
pthread-ext/03_incdec.yml	true	ERROR (server error, after parsing finished)	2.953641	1.3052535549999789	230.846464
pthread-ext/04_incdec_cas-race.yml	false	ERROR (server error, after parsing finished)	3.206262	1.418589308000037	231.809024
pthread-ext/04_incdec_cas.yml	true	ERROR (server error, after parsing finished)	2.909922	1.2620420330000002	230.199296
pthread-ext/05_tas.yml	false	ERROR (server error, after parsing finished)	3.103864	1.3694463470000073	229.654528
pthread-ext/06_ticket.yml	false	ERROR (server error, after parsing finished)	2.837713	1.2398967739999875	228.458496
pthread-ext/07_rand.yml	false	ERROR (server error, after parsing finished)	2.98327	1.3064253590000021	227.954688
pthread-ext/08_rand_cas-race.yml	false	ERROR (server error, after parsing finished)	3.112548	1.3520672369999716	230.854656
pthread-ext/08_rand_cas.yml	true	ERROR (server error, after parsing finished)	3.28267	1.427551297999969	230.793216
pthread-ext/09_fmaxsym-race.yml	false	ERROR (server error, after parsing finished)	2.920705	1.2997302460000242	227.856384
pthread-ext/09_fmaxsym-zero.yml	true	ERROR (server error, after parsing finished)	3.236804	1.471098058999985	232.357888
pthread-ext/09_fmaxsym.yml	true	ERROR (server error, after parsing finished)	3.017976	1.3410385770000062	228.900864
pthread-ext/10_fmaxsym_cas.yml	false	ERROR (server error, after parsing finished)	3.552946	1.6016601370000103	231.739392
pthread-ext/11_fmaxsymopt-race.yml	false	ERROR (server error, after parsing finished)	3.209738	1.4079344909999918	228.749312
pthread-ext/11_fmaxsymopt-zero.yml	true	ERROR (server error, after parsing finished)	2.901056	1.26200333700001	229.801984
pthread-ext/11_fmaxsymopt.yml	true	ERROR (server error, after parsing finished)	2.867503	1.2699019130000124	230.100992
pthread-ext/12_fmaxsymopt_cas.yml	false	ERROR (server error, after parsing finished)	3.214624	1.3975700899999879	230.674432
pthread-ext/13_unverif.yml	false	ERROR (server error, after parsing finished)	2.970079	1.3371016830000144	229.613568
pthread-ext/14_spin2003.yml	true	ERROR (server error, after parsing finished)	2.742044	1.216269049999994	228.880384
pthread-ext/17_szymanski.yml	false	ERROR (server error, after parsing finished)	2.841317	1.2356763239999964	229.978112
pthread-ext/18_read_write_lock.yml	true	ERROR (server error, after parsing finished)	2.951859	1.316800437999973	230.715392
pthread-ext/23_lu-fig2.fixed.yml	false	ERROR (server error, after parsing finished)	2.862588	1.2417648050000025	231.133184
pthread-ext/25_stack-race.yml	false	ERROR (server error, after parsing finished)	3.846222	1.6660948329999883	235.581440
pthread-ext/25_stack.yml	true	ERROR (server error, after parsing finished)	3.07214	1.3110147609999672	230.060032
pthread-ext/25_stack_longer-1-race.yml	false	ERROR (server error, after parsing finished)	4.243938	1.8858596580000153	288.002048
pthread-ext/25_stack_longer-1.yml	true	ERROR (server error, after parsing finished)	5.538123	1.8398181279999903	314.216448
pthread-ext/25_stack_longer-2-race.yml	false	ERROR (server error, after parsing finished)	5.94429	1.988303572999996	313.040896
pthread-ext/25_stack_longer-2.yml	true	ERROR (server error, after parsing finished)	5.423267	1.8069366089999903	301.490176
pthread-ext/25_stack_longest-1-race.yml	false	ERROR (server error, after parsing finished)	7.341755	2.4512097080000217	378.167296
pthread-ext/25_stack_longest-1.yml	true	ERROR (server error, after parsing finished)	7.0756	2.362742244000003	375.283712
pthread-ext/25_stack_longest-2-race.yml	false	ERROR (server error, after parsing finished)	7.426705	2.436683991000052	379.043840
pthread-ext/25_stack_longest-2.yml	true	ERROR (server error, after parsing finished)	6.93435	2.2949839980000206	379.510784
pthread-ext/26_stack_cas-race.yml	false	ERROR (server error, after parsing finished)	4.924532	1.6330910770000173	259.252224
pthread-ext/26_stack_cas.yml	true	ERROR (server error, after parsing finished)	5.007917	1.668435354000053	259.424256
pthread-ext/26_stack_cas_longer-1-race.yml	false	ERROR (server error, after parsing finished)	6.118247	2.019080121000002	316.485632
pthread-ext/26_stack_cas_longer-1.yml	true	ERROR (server error, after parsing finished)	6.480864	2.1586864749999677	308.699136
pthread-ext/26_stack_cas_longer-2-race.yml	false	ERROR (server error, after parsing finished)	6.418617	2.1211931980000145	313.311232
pthread-ext/26_stack_cas_longer-2.yml	true	ERROR (server error, after parsing finished)	6.478693	2.158597179000026	324.644864
pthread-ext/26_stack_cas_longest-1-race.yml	false	ERROR (server error, after parsing finished)	7.851043	2.5951114580000194	374.763520
pthread-ext/26_stack_cas_longest-1.yml	true	ERROR (server error, after parsing finished)	7.882269	2.601002881999989	373.977088
pthread-ext/26_stack_cas_longest-2-race.yml	false	ERROR (server error, after parsing finished)	8.127857	2.6909547970000176	377.696256
pthread-ext/26_stack_cas_longest-2.yml	true	ERROR (server error, after parsing finished)	8.179708	2.7095974050000677	378.552320
pthread-ext/27_Boop_simple_vf.yml	false	ERROR (server error, after parsing finished)	3.977373	1.3908858909999253	265.039872
pthread-ext/28_buggy_simple_loop1_vf.yml	true	ERROR (server error, after parsing finished)	3.855812	1.3378318819999322	248.410112
pthread-ext/29_conditionals_vs.yml	true	ERROR (server error, after parsing finished)	3.859246	1.3651136629999883	259.018752
pthread-ext/30_Function_Pointer3_vs.yml	false	ERROR (server error, after parsing finished)	3.820175	1.338802773999987	248.397824
pthread-ext/31_simple_loop5_vs.yml	true	ERROR (server error, after parsing finished)	4.119245	1.4320205790000955	255.033344
pthread-ext/32_pthread5_vs.yml	false	ERROR (server error, after parsing finished)	4.18211	1.4368789220000053	252.231680
pthread-ext/33_double_lock_p1_vs.yml	false	ERROR (server error, after parsing finished)	4.295271	1.4746283179999864	247.033856
pthread-ext/34_double_lock_p2_vs.yml	false	ERROR (server error, after parsing finished)	4.074936	1.40548778699997	241.528832
pthread-ext/35_double_lock_p3_vs.yml	true	ERROR (server error, after parsing finished)	3.757781	1.3341017970000166	256.733184
pthread-ext/36_stack_cas_p0_vs_concur-race.yml	false	ERROR (server error, after parsing finished)	4.209566	1.4268108889999667	264.577024
pthread-ext/36_stack_cas_p0_vs_concur.yml	true	ERROR (server error, after parsing finished)	4.249007	1.4482720729999983	262.275072
pthread-ext/37_stack_lock_p0_vs_concur-race.yml	false	ERROR (server error, after parsing finished)	4.104504	1.3996270530000174	258.785280
pthread-ext/37_stack_lock_p0_vs_concur.yml	true	ERROR (server error, after parsing finished)	4.21681	1.4560556520000318	242.098176
pthread-ext/38_rand_cas_vs_concur.yml	false	ERROR (server error, after parsing finished)	3.955819	1.3688872029999857	267.636736
pthread-ext/39_rand_lock_p0_vs-b.yml	false	ERROR (server error, after parsing finished)	4.043305	1.4127576119999503	243.056640
pthread-ext/39_rand_lock_p0_vs.yml	true	ERROR (server error, after parsing finished)	3.944939	1.3740813160000016	252.145664
pthread-ext/40_barrier_vf-b.yml	false	ERROR (server error, after parsing finished)	3.894551	1.3629238400000077	265.420800
pthread-ext/40_barrier_vf.yml	true	ERROR (server error, after parsing finished)	3.821534	1.3374324229999957	258.469888
pthread-ext/41_FreeBSD_abd_kbd_sliced.yml	false	ERROR (server error, after parsing finished)	4.23124	1.442836128999943	263.983104
pthread-ext/42_FreeBSD_rdma_addr_sliced.yml	false	ERROR (server error, after parsing finished)	4.218934	1.4365589960000307	252.018688
pthread-ext/43_NetBSD_sysmon_power_sliced-pthread.yml	true	ERROR (server error, after parsing finished)	4.548811	1.5251949940000031	265.584640
pthread-ext/43_NetBSD_sysmon_power_sliced.yml	true	ERROR (server error, after parsing finished)	4.799911	1.6101258740000048	263.299072
pthread-ext/43_NetBSD_sysmon_power_sliced_2.yml	false	ERROR (server error, after parsing finished)	4.818479	1.6169164150001052	261.177344
pthread-ext/44_Solaris_space_map_sliced.yml	false	ERROR (server error, after parsing finished)	4.655739	1.5622492170000442	264.159232
pthread-ext/45_monabsex1_vs-b.yml	false	ERROR (server error, after parsing finished)	3.610966	1.2811538089999885	227.430400
pthread-ext/45_monabsex1_vs.yml	true	ERROR (server error, after parsing finished)	3.558606	1.2527883090000387	238.358528
pthread-ext/46_monabsex2_vs-b.yml	false	ERROR (server error, after parsing finished)	3.890512	1.364716211999962	237.035520
pthread-ext/46_monabsex2_vs.yml	true	ERROR (server error, after parsing finished)	3.351589	1.1880503309999995	232.030208
pthread-ext/47_ticket_lock_hc_backoff_vs.yml	false	ERROR (server error, after parsing finished)	3.829246	1.3423269150000579	258.097152
pthread-ext/48_ticket_lock_low_contention_vs-b.yml	false	ERROR (server error, after parsing finished)	3.91762	1.3609513919999472	242.724864
pthread-ext/48_ticket_lock_low_contention_vs-pthread.yml	true	ERROR (server error, after parsing finished)	3.813202	1.3406964339999377	240.717824
pthread-ext/48_ticket_lock_low_contention_vs.yml	true	ERROR (server error, after parsing finished)	3.811879	1.339384019000022	257.085440
pthread-wmm/mix000.oepc.yml	true	ERROR (server error, after parsing finished)	4.889304	1.6247499099999914	263.606272
pthread-wmm/mix000.opt.yml	true	ERROR (server error, after parsing finished)	4.823359	1.6124349809999785	260.452352
pthread-wmm/mix001.oepc.yml	true	ERROR (server error, after parsing finished)	5.266644	1.7527411849999908	287.232000
pthread-wmm/mix001.opt.yml	true	ERROR (server error, after parsing finished)	4.902549	1.6403167710000162	274.472960
pthread-wmm/mix002.oepc.yml	true	ERROR (server error, after parsing finished)	4.557894	1.516450174000056	258.359296
pthread-wmm/mix002.opt.yml	true	ERROR (server error, after parsing finished)	4.540643	1.511225632999981	257.044480
pthread-wmm/mix003.oepc.yml	true	ERROR (server error, after parsing finished)	5.019524	1.6751391620000504	261.697536
pthread-wmm/mix003_power.opt_pso.opt_rmo.opt_tso.opt.yml	true	ERROR (server error, after parsing finished)	4.965392	1.657070941000029	258.838528
pthread-wmm/mix004.oepc.yml	true	ERROR (server error, after parsing finished)	5.224951	1.7341058520000843	305.225728
pthread-wmm/mix004.opt.yml	true	ERROR (server error, after parsing finished)	4.773309	1.5791788179999457	285.442048
pthread-wmm/mix005.opt.yml	true	ERROR (server error, after parsing finished)	5.228173	1.800086073999978	284.692480
pthread-wmm/mix005_power.oepc_pso.oepc_rmo.oepc.yml	true	ERROR (server error, after parsing finished)	4.667744	1.572852017999935	275.046400
pthread-wmm/mix005_tso.oepc.yml	true	ERROR (server error, after parsing finished)	5.177474	1.7401364940000121	290.267136
pthread-wmm/mix006.opt.yml	true	ERROR (server error, after parsing finished)	4.688677	1.5622353750000002	249.982976
pthread-wmm/mix006_power.oepc_pso.oepc_rmo.oepc.yml	true	ERROR (server error, after parsing finished)	4.94807	1.6502386260000321	258.580480
pthread-wmm/mix006_tso.oepc.yml	true	ERROR (server error, after parsing finished)	6.121557	2.0280859389999932	312.918016
pthread-wmm/mix007.oepc.yml	true	ERROR (server error, after parsing finished)	5.186858	1.7236288420000392	303.075328
pthread-wmm/mix007.opt.yml	true	ERROR (server error, after parsing finished)	5.264568	1.7500750369999878	308.932608
pthread-wmm/mix008.opt.yml	true	ERROR (server error, after parsing finished)	5.054692	1.6791956919998938	294.510592
pthread-wmm/mix008_power.oepc_pso.oepc_rmo.oepc.yml	true	ERROR (server error, after parsing finished)	5.124183	1.6918883019999384	287.887360
pthread-wmm/mix008_tso.oepc.yml	true	ERROR (server error, after parsing finished)	6.05661	1.9790191609999965	364.650496
pthread-wmm/mix009.oepc.yml	true	ERROR (server error, after parsing finished)	4.725616	1.5818923820000919	265.281536
pthread-wmm/mix009.opt.yml	true	ERROR (server error, after parsing finished)	4.973822	1.6620218300000715	258.985984
pthread-wmm/mix010.oepc.yml	true	ERROR (server error, after parsing finished)	5.321488	1.7636441459999332	271.015936
pthread-wmm/mix010.opt.yml	true	ERROR (server error, after parsing finished)	5.20751	1.7356714659999852	271.343616
pthread-wmm/mix011.opt.yml	true	ERROR (server error, after parsing finished)	5.03373	1.6575313540000707	259.215360
pthread-wmm/mix011_power.oepc_pso.oepc_rmo.oepc.yml	true	ERROR (server error, after parsing finished)	4.915578	1.6377702779999481	266.039296
pthread-wmm/mix011_tso.oepc.yml	true	ERROR (server error, after parsing finished)	4.833856	1.6277457410000125	260.026368
pthread-wmm/mix012_power.oepc_power.opt_pso.oepc_rmo.oepc_rmo.opt_tso.oepc.yml	true	ERROR (server error, after parsing finished)	4.462618	1.5049012199999652	246.718464
pthread-wmm/mix012_pso.opt_tso.opt.yml	true	ERROR (server error, after parsing finished)	4.905636	1.6245732610000232	265.252864
pthread-wmm/mix013.oepc.yml	true	ERROR (server error, after parsing finished)	5.209977	1.7257059880000725	294.150144
pthread-wmm/mix013.opt.yml	true	ERROR (server error, after parsing finished)	5.288489	1.7428273030000128	292.548608
pthread-wmm/mix014.opt.yml	true	ERROR (server error, after parsing finished)	5.297629	1.7702571050000415	307.290112
pthread-wmm/mix014_power.oepc_pso.oepc_rmo.oepc.yml	true	ERROR (server error, after parsing finished)	4.796402	1.6016719240000157	278.859776
pthread-wmm/mix014_tso.oepc.yml	true	ERROR (server error, after parsing finished)	6.49574	2.1385228580001012	381.882368
pthread-wmm/mix015.oepc.yml	true	ERROR (server error, after parsing finished)	5.006857	1.68593113299994	263.852032
pthread-wmm/mix015.opt.yml	true	ERROR (server error, after parsing finished)	5.137624	1.7168255860000272	270.614528
pthread-wmm/mix016.oepc.yml	true	ERROR (server error, after parsing finished)	5.006723	1.6832204520000005	262.037504
pthread-wmm/mix016_power.opt_rmo.opt.yml	true	ERROR (server error, after parsing finished)	5.02495	1.675036408999972	252.198912
pthread-wmm/mix016_pso.opt_tso.opt.yml	true	ERROR (server error, after parsing finished)	5.117908	1.6989469459999782	253.116416
pthread-wmm/mix017.oepc.yml	true	ERROR (server error, after parsing finished)	4.669573	1.5466093260000662	291.069952
pthread-wmm/mix017_power.opt_rmo.opt.yml	true	ERROR (server error, after parsing finished)	5.036376	1.6831164559999934	268.414976
pthread-wmm/mix017_pso.opt_tso.opt.yml	true	ERROR (server error, after parsing finished)	4.782471	1.5742213199999924	279.330816
pthread-wmm/mix018.opt.yml	true	ERROR (server error, after parsing finished)	5.489442	1.8203105970000024	309.858304
pthread-wmm/mix018_power.oepc_pso.oepc_rmo.oepc.yml	true	ERROR (server error, after parsing finished)	5.200422	1.736444894999977	283.045888
pthread-wmm/mix018_tso.oepc.yml	true	ERROR (server error, after parsing finished)	4.637532	1.5357944609999095	273.313792
pthread-wmm/mix019.opt.yml	true	ERROR (server error, after parsing finished)	4.982873	1.6397645360000297	250.929152
pthread-wmm/mix019_power.oepc_pso.oepc_rmo.oepc.yml	true	ERROR (server error, after parsing finished)	4.854973	1.63092924700004	248.422400
pthread-wmm/mix019_tso.oepc.yml	true	ERROR (server error, after parsing finished)	4.358133	1.4711806889999934	246.444032
pthread-wmm/mix020.oepc.yml	true	ERROR (server error, after parsing finished)	5.331883	1.7771968389999984	289.378304
pthread-wmm/mix020.opt.yml	true	ERROR (server error, after parsing finished)	5.195692	1.7314288950000218	279.830528
pthread-wmm/mix021.opt.yml	true	ERROR (server error, after parsing finished)	5.270309	1.7658829590000096	290.037760
pthread-wmm/mix021_power.oepc_pso.oepc_rmo.oepc.yml	true	ERROR (server error, after parsing finished)	5.154906	1.7312929539999686	274.296832
pthread-wmm/mix021_tso.oepc.yml	true	ERROR (server error, after parsing finished)	5.197184	1.7295542790000127	288.645120
pthread-wmm/mix022_power.oepc_power.opt_pso.oepc_pso.opt_rmo.oepc_rmo.opt.yml	true	ERROR (server error, after parsing finished)	4.672664	1.567645799999923	270.786560
pthread-wmm/mix022_tso.yml	true	ERROR (server error, after parsing finished)	4.77875	1.613019009000027	261.447680
pthread-wmm/mix023_power.oepc_pso.oepc_rmo.oepc.yml	true	ERROR (server error, after parsing finished)	5.198708	1.7341192320000118	276.365312
pthread-wmm/mix023_power.opt_pso.opt_rmo.opt.yml	true	ERROR (server error, after parsing finished)	4.587777	1.5292650180000464	259.338240
pthread-wmm/mix023_tso.yml	true	ERROR (server error, after parsing finished)	6.33648	2.0794445529999166	370.241536
pthread-wmm/mix024_power.oepc_pso.oepc_rmo.oepc_tso.oepc_tso.opt.yml	true	ERROR (server error, after parsing finished)	4.794249	1.6068860709999626	248.705024
pthread-wmm/mix024_power.opt_pso.opt_rmo.opt.yml	true	ERROR (server error, after parsing finished)	4.829634	1.6194353540000748	258.863104
pthread-wmm/mix025_power.oepc_power.opt_pso.oepc_rmo.oepc_tso.oepc_tso.opt.yml	true	ERROR (server error, after parsing finished)	4.862722	1.631393297000045	254.836736
pthread-wmm/mix025_pso.opt_rmo.opt.yml	true	ERROR (server error, after parsing finished)	4.888526	1.626970627999981	253.763584
pthread-wmm/mix026.oepc.yml	true	ERROR (server error, after parsing finished)	4.666652	1.5641855719999285	272.584704
pthread-wmm/mix026_power.opt_tso.opt.yml	true	ERROR (server error, after parsing finished)	4.949495	1.6647434599999542	282.296320
pthread-wmm/mix026_pso.opt_rmo.opt.yml	true	ERROR (server error, after parsing finished)	4.689483	1.5647717729999613	264.777728
pthread-wmm/mix027_power.oepc_pso.oepc_rmo.oepc.yml	true	ERROR (server error, after parsing finished)	4.619904	1.5351871469999878	271.142912
pthread-wmm/mix027_power.opt_pso.opt_rmo.opt.yml	true	ERROR (server error, after parsing finished)	5.089344	1.7009847399999671	254.824448
pthread-wmm/mix027_tso.yml	true	ERROR (server error, after parsing finished)	5.404691	1.788352482999926	288.940032
pthread-wmm/mix028_power.oepc_pso.oepc_rmo.oepc.yml	true	ERROR (server error, after parsing finished)	4.770287	1.605668326	249.741312
pthread-wmm/mix028_power.opt_pso.opt_rmo.opt.yml	true	ERROR (server error, after parsing finished)	4.969691	1.658944828000017	261.013504
pthread-wmm/mix028_tso.yml	true	ERROR (server error, after parsing finished)	5.122679	1.7285562110000683	273.371136
pthread-wmm/mix029_power.oepc_pso.oepc_rmo.oepc_tso.oepc_tso.opt.yml	true	ERROR (server error, after parsing finished)	5.231413	1.7453620489999366	273.608704
pthread-wmm/mix029_power.opt_pso.opt_rmo.opt.yml	true	ERROR (server error, after parsing finished)	4.669715	1.549560305	259.743744
pthread-wmm/mix030_power.oepc_pso.oepc_rmo.oepc.yml	true	ERROR (server error, after parsing finished)	5.180294	1.71920361399998	279.986176
pthread-wmm/mix030_power.opt_pso.opt_rmo.opt.yml	true	ERROR (server error, after parsing finished)	5.149107	1.7157791940001061	283.750400
pthread-wmm/mix030_tso.yml	true	ERROR (server error, after parsing finished)	5.00701	1.681937474999927	283.619328
pthread-wmm/mix031.oepc.yml	true	ERROR (server error, after parsing finished)	4.702392	1.5804023769999276	243.171328
pthread-wmm/mix031.opt.yml	true	ERROR (server error, after parsing finished)	4.653862	1.5665945989999273	252.342272
pthread-wmm/mix032.oepc.yml	true	ERROR (server error, after parsing finished)	5.191538	1.733024218999958	250.359808
pthread-wmm/mix032.opt.yml	true	ERROR (server error, after parsing finished)	4.985475	1.6587795350000079	263.684096
pthread-wmm/mix033.opt.yml	true	ERROR (server error, after parsing finished)	4.896512	1.6392992099999901	261.365760
pthread-wmm/mix033_power.oepc_pso.oepc_rmo.oepc.yml	true	ERROR (server error, after parsing finished)	4.954246	1.6615613949999215	263.589888
pthread-wmm/mix033_tso.oepc.yml	true	ERROR (server error, after parsing finished)	4.918373	1.6460417000000689	257.351680
pthread-wmm/mix034_power.oepc_power.opt_pso.oepc_rmo.oepc_rmo.opt_tso.oepc.yml	true	ERROR (server error, after parsing finished)	4.747692	1.5996058880000419	264.351744
pthread-wmm/mix034_pso.opt_tso.opt.yml	true	ERROR (server error, after parsing finished)	4.713326	1.5839072960000067	259.665920
pthread-wmm/mix035.oepc.yml	true	ERROR (server error, after parsing finished)	4.970721	1.6564852750000227	262.352896
pthread-wmm/mix035_power.opt_rmo.opt.yml	true	ERROR (server error, after parsing finished)	4.890606	1.6367292130000806	260.059136
pthread-wmm/mix035_pso.opt_tso.opt.yml	true	ERROR (server error, after parsing finished)	4.293795	1.4428355479999482	246.620160
pthread-wmm/mix036.oepc.yml	true	ERROR (server error, after parsing finished)	5.365129	1.7783523330000435	309.989376
pthread-wmm/mix036_power.opt_rmo.opt.yml	true	ERROR (server error, after parsing finished)	5.169412	1.7361340659999769	270.532608
pthread-wmm/mix036_pso.opt_tso.opt.yml	true	ERROR (server error, after parsing finished)	5.136547	1.7055025820000083	279.683072
pthread-wmm/mix037.opt.yml	true	ERROR (server error, after parsing finished)	5.036527	1.669061213999953	263.716864
pthread-wmm/mix037_power.oepc_pso.oepc_rmo.oepc.yml	true	ERROR (server error, after parsing finished)	5.191745	1.7188321480000468	296.546304
pthread-wmm/mix037_tso.oepc.yml	true	ERROR (server error, after parsing finished)	5.242883	1.7529145810000273	298.135552
pthread-wmm/mix038.opt.yml	true	ERROR (server error, after parsing finished)	4.853373	1.6311647530000073	247.775232
pthread-wmm/mix038_power.oepc_pso.oepc_rmo.oepc.yml	true	ERROR (server error, after parsing finished)	4.94557	1.649166566999952	253.997056
pthread-wmm/mix038_tso.oepc.yml	true	ERROR (server error, after parsing finished)	5.076991	1.6914725199999339	263.880704
pthread-wmm/mix039.oepc.yml	true	ERROR (server error, after parsing finished)	5.332098	1.757912067999996	309.325824
pthread-wmm/mix039.opt.yml	true	ERROR (server error, after parsing finished)	5.01593	1.674507005999999	261.451776
pthread-wmm/mix040.opt.yml	true	ERROR (server error, after parsing finished)	4.486845	1.5050492430000304	247.549952
pthread-wmm/mix040_power.oepc_pso.oepc_rmo.oepc.yml	true	ERROR (server error, after parsing finished)	5.244563	1.7556143410000686	277.864448
pthread-wmm/mix040_tso.oepc.yml	true	ERROR (server error, after parsing finished)	4.606492	1.5286108070000637	269.017088
pthread-wmm/mix041_power.oepc_pso.oepc_rmo.oepc.yml	true	ERROR (server error, after parsing finished)	4.780997	1.5870440569999573	270.729216
pthread-wmm/mix041_power.opt_pso.opt_rmo.opt_tso.oepc_tso.opt.yml	true	ERROR (server error, after parsing finished)	4.238556	1.4102528849999771	241.602560
pthread-wmm/mix042.oepc.yml	true	ERROR (server error, after parsing finished)	4.998674	1.6572501230000398	265.785344
pthread-wmm/mix042.opt.yml	true	ERROR (server error, after parsing finished)	4.865473	1.6195661520000613	261.644288
pthread-wmm/mix043.oepc.yml	true	ERROR (server error, after parsing finished)	5.156332	1.7254917650000152	293.875712
pthread-wmm/mix043.opt.yml	true	ERROR (server error, after parsing finished)	5.369472	1.7669887749999589	265.801728
pthread-wmm/mix044.opt.yml	true	ERROR (server error, after parsing finished)	5.216196	1.737702708000029	282.275840
pthread-wmm/mix044_power.oepc_pso.oepc_rmo.oepc.yml	true	ERROR (server error, after parsing finished)	4.640451	1.539332967000064	270.794752
pthread-wmm/mix044_tso.oepc.yml	true	ERROR (server error, after parsing finished)	4.662565	1.5512489589999632	278.482944
pthread-wmm/mix045_power.oepc_pso.oepc_rmo.oepc.yml	true	ERROR (server error, after parsing finished)	4.956801	1.6610513989999163	255.459328
pthread-wmm/mix045_power.opt_pso.opt_rmo.opt_tso.oepc_tso.opt.yml	true	ERROR (server error, after parsing finished)	4.796027	1.607596279000063	255.823872
pthread-wmm/mix046.oepc.yml	true	ERROR (server error, after parsing finished)	5.263559	1.7558048129999406	298.164224
pthread-wmm/mix046.opt.yml	true	ERROR (server error, after parsing finished)	5.169169	1.7392492779999884	277.409792
pthread-wmm/mix047_power.oepc_pso.oepc_rmo.oepc.yml	true	ERROR (server error, after parsing finished)	5.189718	1.7214748599999439	289.554432
pthread-wmm/mix047_power.opt_pso.opt_rmo.opt_tso.oepc_tso.opt.yml	true	ERROR (server error, after parsing finished)	4.572592	1.5272474460000467	258.637824
pthread-wmm/mix048_power.oepc_power.opt_pso.oepc_pso.opt_rmo.oepc_rmo.opt_tso.oepc_tso.opt-podwr000_power.oepc_power.opt_pso.oepc_pso.opt_rmo.oepc_rmo.opt_tso.oepc_tso.opt.yml	true	ERROR (server error, after parsing finished)	4.771607	1.60761969400005	261.951488
pthread-wmm/mix049_power.oepc_power.opt_pso.oepc_pso.opt_rmo.oepc_rmo.opt_tso.oepc_tso.opt-podwr001_power.oepc_power.opt_pso.oepc_pso.opt_rmo.oepc_rmo.opt_tso.oepc_tso.opt.yml	true	ERROR (server error, after parsing finished)	4.500432	1.4848377440000604	245.874688
pthread-wmm/mix050.yml	true	ERROR (server error, after parsing finished)	5.13617	1.7001897640000152	283.234304
pthread-wmm/mix051_power.oepc_power.opt_pso.oepc_rmo.oepc.yml	true	ERROR (server error, after parsing finished)	5.213474	1.7575474489999579	278.274048
pthread-wmm/mix051_pso.opt_rmo.opt_tso.opt.yml	true	ERROR (server error, after parsing finished)	5.049599	1.6848700090000648	268.468224
pthread-wmm/mix051_tso.oepc.yml	true	ERROR (server error, after parsing finished)	5.111264	1.71398736499998	283.463680
pthread-wmm/mix052_power.oepc_power.opt_pso.oepc_rmo.oepc.yml	true	ERROR (server error, after parsing finished)	4.418545	1.4838359650000257	242.061312
pthread-wmm/mix052_pso.opt_rmo.opt_tso.opt.yml	true	ERROR (server error, after parsing finished)	4.924373	1.6554537540000638	262.033408
pthread-wmm/mix052_tso.oepc.yml	true	ERROR (server error, after parsing finished)	4.533348	1.489016246999995	246.898688
pthread-wmm/mix053.opt.yml	true	ERROR (server error, after parsing finished)	4.876778	1.6316317559999334	250.445824
pthread-wmm/mix053_power.oepc_pso.oepc_rmo.oepc.yml	true	ERROR (server error, after parsing finished)	5.0844	1.7179880520000097	280.776704
pthread-wmm/mix053_tso.oepc.yml	true	ERROR (server error, after parsing finished)	5.047564	1.6854067670000177	273.915904
pthread-wmm/mix054_power.oepc_power.opt_pso.oepc_rmo.oepc.yml	true	ERROR (server error, after parsing finished)	4.707035	1.583468211999957	258.068480
pthread-wmm/mix054_pso.opt_rmo.opt_tso.oepc_tso.opt.yml	true	ERROR (server error, after parsing finished)	4.456732	1.5319476429999668	244.674560
pthread-wmm/mix055.opt.yml	true	ERROR (server error, after parsing finished)	4.90711	1.6326455800000303	255.475712
pthread-wmm/mix055_power.oepc_pso.oepc_rmo.oepc.yml	true	ERROR (server error, after parsing finished)	4.926442	1.6531319709999934	266.260480
pthread-wmm/mix055_tso.oepc.yml	true	ERROR (server error, after parsing finished)	4.62815	1.5262841089999029	268.013568
pthread-wmm/mix056_power.oepc_pso.oepc_rmo.oepc.yml	true	ERROR (server error, after parsing finished)	4.768606	1.5992731459999732	266.178560
pthread-wmm/mix056_power.opt_pso.opt_rmo.opt_tso.oepc_tso.opt.yml	true	ERROR (server error, after parsing finished)	4.602356	1.5547067420000076	261.062656
pthread-wmm/mix057_power.oepc_pso.oepc_rmo.oepc.yml	true	ERROR (server error, after parsing finished)	5.11264	1.6862590549999368	285.618176
pthread-wmm/mix057_power.opt_pso.opt_rmo.opt_tso.oepc_tso.opt.yml	true	ERROR (server error, after parsing finished)	5.072533	1.6867401719999862	266.395648
pthread-wmm/rfi000_power.oepc_pso.oepc_rmo.oepc.yml	true	ERROR (server error, after parsing finished)	4.996662	1.6641134440000087	262.701056
pthread-wmm/rfi000_power.opt_pso.opt_rmo.opt.yml	true	ERROR (server error, after parsing finished)	4.678069	1.5551826360000405	260.956160
pthread-wmm/rfi000_tso.yml	true	ERROR (server error, after parsing finished)	4.806965	1.598334723999983	264.204288
pthread-wmm/rfi001_power.oepc_pso.oepc_rmo.oepc.yml	true	ERROR (server error, after parsing finished)	4.742532	1.5845837389999815	261.271552
pthread-wmm/rfi001_power.opt_pso.opt_rmo.opt_tso.oepc_tso.opt.yml	true	ERROR (server error, after parsing finished)	4.525268	1.5141176220000716	255.057920
pthread-wmm/rfi002_power.oepc_power.opt_pso.oepc_pso.opt_rmo.oepc_rmo.opt.yml	true	ERROR (server error, after parsing finished)	5.020719	1.6681000710000262	268.648448
pthread-wmm/rfi002_tso.yml	true	ERROR (server error, after parsing finished)	4.969002	1.6411660380000512	291.753984
pthread-wmm/rfi003_power.oepc_power.opt_pso.oepc_pso.opt_rmo.oepc_rmo.opt.yml	true	ERROR (server error, after parsing finished)	4.655124	1.5750138649999599	263.335936
pthread-wmm/rfi003_tso.yml	true	ERROR (server error, after parsing finished)	5.073762	1.6965528680000261	254.406656
pthread-wmm/rfi004.yml	true	ERROR (server error, after parsing finished)	4.842498	1.6226523130000032	261.595136
pthread-wmm/rfi005.yml	true	ERROR (server error, after parsing finished)	4.85826	1.6136379339999394	249.647104
pthread-wmm/rfi006_power.oepc.yml	true	ERROR (server error, after parsing finished)	5.109914	1.6965123359999552	276.742144
pthread-wmm/rfi006_power.opt.yml	true	ERROR (server error, after parsing finished)	5.062479	1.681011452000007	289.247232
pthread-wmm/rfi006_pso.oepc_pso.opt_tso.oepc_tso.opt.yml	true	ERROR (server error, after parsing finished)	4.89182	1.6385783850000735	268.439552
pthread-wmm/rfi006_rmo.yml	true	ERROR (server error, after parsing finished)	5.22889	1.7494678420000582	279.519232
pthread-wmm/rfi007_power.oepc_power.opt_pso.oepc_pso.opt_rmo.oepc_rmo.opt.yml	true	ERROR (server error, after parsing finished)	4.567187	1.547466815000007	256.999424
pthread-wmm/rfi007_tso.yml	true	ERROR (server error, after parsing finished)	5.064484	1.6960855660000789	264.876032
pthread-wmm/rfi008.oepc.yml	true	ERROR (server error, after parsing finished)	4.869501	1.620167338999977	259.567616
pthread-wmm/rfi008.opt.yml	true	ERROR (server error, after parsing finished)	4.98655	1.6651499479999075	270.688256
pthread-wmm/rfi009_power.oepc.yml	true	ERROR (server error, after parsing finished)	5.170386	1.733686988000045	280.743936
pthread-wmm/rfi009_power.opt_pso.oepc_pso.opt_rmo.opt_tso.oepc_tso.opt.yml	true	ERROR (server error, after parsing finished)	5.05832	1.6853591889999961	270.573568
pthread-wmm/rfi009_rmo.oepc.yml	true	ERROR (server error, after parsing finished)	5.235791	1.7533186930000966	277.573632
pthread-wmm/rfi010.yml	true	ERROR (server error, after parsing finished)	4.81007	1.6077620070000194	265.080832
pthread-wmm/safe000_power.oepc.yml	true	ERROR (server error, after parsing finished)	5.502775	1.8400698100000454	299.544576
pthread-wmm/safe000_power.opt.yml	true	ERROR (server error, after parsing finished)	5.378624	1.778700877999995	266.784768
pthread-wmm/safe000_pso.oepc_pso.opt_tso.oepc_tso.opt.yml	true	ERROR (server error, after parsing finished)	4.059825	1.4019752789999984	242.622464
pthread-wmm/safe000_rmo.yml	true	ERROR (server error, after parsing finished)	5.392532	1.7883477190000576	310.259712
pthread-wmm/safe001_power.oepc.yml	true	ERROR (server error, after parsing finished)	5.341807	1.7522889399999713	297.938944
pthread-wmm/safe001_power.opt_pso.oepc_pso.opt_rmo.opt.yml	true	ERROR (server error, after parsing finished)	4.890499	1.6353168859999414	265.383936
pthread-wmm/safe001_rmo.oepc.yml	true	ERROR (server error, after parsing finished)	5.386999	1.7896435310000243	313.225216
pthread-wmm/safe001_tso.yml	true	ERROR (server error, after parsing finished)	4.040471	1.3683568769999965	238.886912
pthread-wmm/safe002_power.oepc.yml	true	ERROR (server error, after parsing finished)	5.491485	1.8192321930000617	305.831936
pthread-wmm/safe002_power.opt_pso.oepc_pso.opt_rmo.opt.yml	true	ERROR (server error, after parsing finished)	5.072604	1.705352277999964	266.567680
pthread-wmm/safe002_rmo.oepc.yml	true	ERROR (server error, after parsing finished)	5.314609	1.7565664250000737	302.309376
pthread-wmm/safe002_tso.yml	true	ERROR (server error, after parsing finished)	3.922367	1.3498032619999094	240.103424
pthread-wmm/safe003_power.oepc_pso.oepc_pso.opt_rmo.oepc_rmo.opt.yml	true	ERROR (server error, after parsing finished)	5.421161	1.7915694880000501	298.405888
pthread-wmm/safe003_power.opt.yml	true	ERROR (server error, after parsing finished)	5.1959	1.7312547590000804	271.872000
pthread-wmm/safe003_tso.yml	true	ERROR (server error, after parsing finished)	4.128879	1.4147071210001059	253.186048
pthread-wmm/safe004_power.oepc_pso.oepc_rmo.oepc.yml	true	ERROR (server error, after parsing finished)	5.268796	1.7479709190000676	283.348992
pthread-wmm/safe004_power.opt_pso.opt_rmo.opt.yml	true	ERROR (server error, after parsing finished)	4.409348	1.4587136039999677	244.527104
pthread-wmm/safe004_tso.yml	true	ERROR (server error, after parsing finished)	4.029161	1.3769372949999479	259.371008
pthread-wmm/safe005_power.oepc_power.opt_pso.oepc_pso.opt_rmo.oepc_rmo.opt.yml	true	ERROR (server error, after parsing finished)	4.677163	1.5771621990000995	254.947328
pthread-wmm/safe005_tso.yml	true	ERROR (server error, after parsing finished)	4.016521	1.3922174669999094	258.756608
pthread-wmm/safe006_power.oepc-thin000_power.oepc.yml	true	ERROR (server error, after parsing finished)	4.865303	1.6280938549999746	261.611520
pthread-wmm/safe006_power.opt-thin000_power.opt.yml	true	ERROR (server error, after parsing finished)	4.431126	1.470257312000058	242.700288
pthread-wmm/safe006_pso.oepc_pso.opt_tso.oepc_tso.opt-thin000_pso.oepc_pso.opt_tso.oepc_tso.opt.yml	true	ERROR (server error, after parsing finished)	4.017944	1.3947197359999564	262.533120
pthread-wmm/safe006_rmo.oepc_rmo.opt-thin000_rmo.oepc_rmo.opt.yml	true	ERROR (server error, after parsing finished)	4.728537	1.5730943979999665	260.534272
pthread-wmm/safe007_power.oepc-thin001_power.oepc.yml	true	ERROR (server error, after parsing finished)	4.848457	1.6457809480000378	252.817408
pthread-wmm/safe007_power.opt-thin001_power.opt.yml	true	ERROR (server error, after parsing finished)	5.162985	1.7104220189999069	269.336576
pthread-wmm/safe007_pso.oepc_pso.opt_tso.oepc_tso.opt-thin001_pso.oepc_pso.opt_tso.oepc_tso.opt.yml	true	ERROR (server error, after parsing finished)	4.004489	1.3793782210000245	258.719744
pthread-wmm/safe007_rmo.oepc_rmo.opt-thin001_rmo.oepc_rmo.opt.yml	true	ERROR (server error, after parsing finished)	4.800746	1.5910863469999867	260.415488
pthread-wmm/safe008_power.oepc_pso.oepc_pso.opt_rmo.oepc_rmo.opt.yml	true	ERROR (server error, after parsing finished)	4.895219	1.6101164970000355	255.447040
pthread-wmm/safe008_power.opt.yml	true	ERROR (server error, after parsing finished)	5.226395	1.7417372129999649	284.098560
pthread-wmm/safe008_tso.yml	true	ERROR (server error, after parsing finished)	4.016693	1.3840517689999388	259.141632
pthread-wmm/safe009_power.oepc.yml	true	ERROR (server error, after parsing finished)	5.164433	1.7200035920000118	277.315584
pthread-wmm/safe009_power.opt.yml	true	ERROR (server error, after parsing finished)	4.613564	1.5381559119999793	257.253376
pthread-wmm/safe009_pso.oepc_pso.opt_tso.oepc_tso.opt.yml	true	ERROR (server error, after parsing finished)	3.983982	1.3741406980000193	265.793536
pthread-wmm/safe009_rmo.oepc.yml	true	ERROR (server error, after parsing finished)	5.215798	1.7293707300000278	279.285760
pthread-wmm/safe009_rmo.opt.yml	true	ERROR (server error, after parsing finished)	5.02745	1.6730153389999032	263.303168
pthread-wmm/safe010_power.oepc_power.opt_pso.oepc_pso.opt_rmo.oepc_rmo.opt.yml	true	ERROR (server error, after parsing finished)	4.31541	1.4290450659999578	247.271424
pthread-wmm/safe010_tso.yml	true	ERROR (server error, after parsing finished)	3.869727	1.3318893790000175	261.103616
pthread-wmm/safe011_power.oepc_pso.oepc_rmo.oepc_rmo.opt.yml	true	ERROR (server error, after parsing finished)	4.649488	1.5437954720000562	241.451008
pthread-wmm/safe011_power.opt_pso.opt.yml	true	ERROR (server error, after parsing finished)	4.81464	1.6194128939999928	264.921088
pthread-wmm/safe011_tso.yml	true	ERROR (server error, after parsing finished)	3.645439	1.2490330589999985	244.772864
pthread-wmm/safe012_power.oepc.yml	true	ERROR (server error, after parsing finished)	4.857765	1.6214532290000534	264.839168
pthread-wmm/safe012_power.opt.yml	true	ERROR (server error, after parsing finished)	5.092911	1.6985361890000377	280.027136
pthread-wmm/safe012_pso.oepc_pso.opt_rmo.opt.yml	true	ERROR (server error, after parsing finished)	4.747931	1.57494878600005	259.457024
pthread-wmm/safe012_rmo.oepc.yml	true	ERROR (server error, after parsing finished)	4.953101	1.6457013000000416	274.329600
pthread-wmm/safe012_tso.yml	true	ERROR (server error, after parsing finished)	4.055785	1.3966122330000417	258.641920
pthread-wmm/safe013_power.oepc_power.opt_pso.oepc_pso.opt_rmo.oepc_rmo.opt.yml	true	ERROR (server error, after parsing finished)	4.729812	1.5988214779999907	262.369280
pthread-wmm/safe013_tso.yml	true	ERROR (server error, after parsing finished)	3.671681	1.2722667299999557	242.761728
pthread-wmm/safe014_power.oepc.yml	true	ERROR (server error, after parsing finished)	5.066581	1.6902081000000635	262.950912
pthread-wmm/safe014_power.opt.yml	true	ERROR (server error, after parsing finished)	4.992479	1.673633773000006	249.458688
pthread-wmm/safe014_pso.oepc_pso.opt_tso.oepc_tso.opt.yml	true	ERROR (server error, after parsing finished)	3.874398	1.3344883879999543	252.440576
pthread-wmm/safe014_rmo.oepc.yml	true	ERROR (server error, after parsing finished)	5.012518	1.6751546889998963	266.080256
pthread-wmm/safe014_rmo.opt.yml	true	ERROR (server error, after parsing finished)	5.419994	1.8007029469999907	315.502592
pthread-wmm/safe015_power.oepc.yml	true	ERROR (server error, after parsing finished)	4.947372	1.6289683749999995	294.191104
pthread-wmm/safe015_power.opt.yml	true	ERROR (server error, after parsing finished)	4.932001	1.6286015700000007	294.576128
pthread-wmm/safe015_pso.oepc_pso.opt_tso.oepc_tso.opt.yml	true	ERROR (server error, after parsing finished)	3.732887	1.2845629299999928	243.744768
pthread-wmm/safe015_rmo.yml	true	ERROR (server error, after parsing finished)	4.87884	1.6114061119999405	294.199296
pthread-wmm/safe016_power.oepc.yml	true	ERROR (server error, after parsing finished)	5.170278	1.7227967560000934	296.099840
pthread-wmm/safe016_power.opt.yml	true	ERROR (server error, after parsing finished)	5.579021	1.8462553719999732	315.596800
pthread-wmm/safe016_pso.oepc_pso.opt_tso.oepc_tso.opt.yml	true	ERROR (server error, after parsing finished)	4.069749	1.3853166379999493	264.794112
pthread-wmm/safe016_rmo.oepc.yml	true	ERROR (server error, after parsing finished)	5.228026	1.7233693499999845	291.258368
pthread-wmm/safe016_rmo.opt.yml	true	ERROR (server error, after parsing finished)	5.573138	1.858849409999948	297.705472
pthread-wmm/safe017_power.oepc_power.opt_pso.oepc_pso.opt_rmo.oepc_rmo.opt.yml	true	ERROR (server error, after parsing finished)	4.856738	1.632504025000003	263.237632
pthread-wmm/safe017_tso.yml	true	ERROR (server error, after parsing finished)	3.94408	1.3634538369999518	241.971200
pthread-wmm/safe018_power.oepc.yml	true	ERROR (server error, after parsing finished)	4.938247	1.6333589019999408	265.867264
pthread-wmm/safe018_power.opt.yml	true	ERROR (server error, after parsing finished)	5.329111	1.7645203060000085	293.060608
pthread-wmm/safe018_pso.oepc_pso.opt_tso.oepc_tso.opt.yml	true	ERROR (server error, after parsing finished)	3.850982	1.3351810789999945	256.724992
pthread-wmm/safe018_rmo.oepc.yml	true	ERROR (server error, after parsing finished)	4.728999	1.58945311399998	264.212480
pthread-wmm/safe018_rmo.opt.yml	true	ERROR (server error, after parsing finished)	4.970703	1.669285119000051	272.691200
pthread-wmm/safe019_power.oepc.yml	true	ERROR (server error, after parsing finished)	5.224135	1.7634532120000586	309.456896
pthread-wmm/safe019_power.opt.yml	true	ERROR (server error, after parsing finished)	5.567205	1.839501863999999	301.080576
pthread-wmm/safe019_pso.oepc_pso.opt_tso.oepc_tso.opt.yml	true	ERROR (server error, after parsing finished)	4.081005	1.4002560420000236	258.629632
pthread-wmm/safe019_rmo.oepc.yml	true	ERROR (server error, after parsing finished)	5.354667	1.7724970159999884	307.752960
pthread-wmm/safe019_rmo.opt.yml	true	ERROR (server error, after parsing finished)	5.297831	1.7513485970000602	296.992768
pthread-wmm/safe020_power.yml	true	ERROR (server error, after parsing finished)	4.710617	1.5628264789999093	276.512768
pthread-wmm/safe020_pso.oepc_pso.opt_tso.oepc_tso.opt.yml	true	ERROR (server error, after parsing finished)	4.081063	1.4087969060000205	248.864768
pthread-wmm/safe020_rmo.yml	true	ERROR (server error, after parsing finished)	5.025391	1.6893612150000763	269.180928
pthread-wmm/safe021_power.oepc_pso.oepc_rmo.oepc_rmo.opt.yml	true	ERROR (server error, after parsing finished)	4.977383	1.665490517999956	252.887040
pthread-wmm/safe021_power.opt_pso.opt.yml	true	ERROR (server error, after parsing finished)	4.807786	1.6051793729999417	264.511488
pthread-wmm/safe021_tso.yml	true	ERROR (server error, after parsing finished)	3.677289	1.2622600889999376	245.272576
pthread-wmm/safe022_power.oepc_power.opt_pso.oepc_pso.opt_rmo.oepc_rmo.opt.yml	true	ERROR (server error, after parsing finished)	4.703136	1.5837485399999878	262.508544
pthread-wmm/safe022_tso.yml	true	ERROR (server error, after parsing finished)	4.004172	1.3818446540000195	254.226432
pthread-wmm/safe023_power.oepc_power.opt_pso.oepc_pso.opt_rmo.oepc_rmo.opt.yml	true	ERROR (server error, after parsing finished)	5.4453	1.8126505650000126	288.980992
pthread-wmm/safe023_tso.yml	true	ERROR (server error, after parsing finished)	4.1544	1.4131922140001052	254.881792
pthread-wmm/safe024_power.oepc_power.opt_pso.oepc_pso.opt_rmo.oepc_rmo.opt.yml	true	ERROR (server error, after parsing finished)	4.862938	1.6225709450000068	264.028160
pthread-wmm/safe024_tso.yml	true	ERROR (server error, after parsing finished)	3.734711	1.2846523009999373	242.667520
pthread-wmm/safe025_power.yml	true	ERROR (server error, after parsing finished)	5.599495	1.836673563999966	306.913280
pthread-wmm/safe025_pso.oepc_pso.opt_tso.oepc_tso.opt.yml	true	ERROR (server error, after parsing finished)	3.671134	1.273452521000081	246.063104
pthread-wmm/safe025_rmo.yml	true	ERROR (server error, after parsing finished)	5.307162	1.7479391580000083	297.988096
pthread-wmm/safe026_power.oepc_power.opt_pso.oepc_pso.opt_rmo.oepc_rmo.opt.yml	true	ERROR (server error, after parsing finished)	4.957043	1.658864726000047	251.834368
pthread-wmm/safe026_tso.yml	true	ERROR (server error, after parsing finished)	4.009718	1.3938828809999677	266.575872
pthread-wmm/safe027_power.oepc.yml	true	ERROR (server error, after parsing finished)	5.390885	1.7737271610000107	310.177792
pthread-wmm/safe027_power.opt.yml	true	ERROR (server error, after parsing finished)	4.999277	1.6671737500000745	296.312832
pthread-wmm/safe027_pso.oepc_pso.opt_tso.oepc_tso.opt.yml	true	ERROR (server error, after parsing finished)	3.778127	1.2852909230000478	243.302400
pthread-wmm/safe027_rmo.yml	true	ERROR (server error, after parsing finished)	5.226088	1.7361976170000162	287.105024
pthread-wmm/safe028_power.yml	true	ERROR (server error, after parsing finished)	5.307757	1.7698071239999535	277.856256
pthread-wmm/safe028_pso.oepc_pso.opt_tso.oepc_tso.opt.yml	true	ERROR (server error, after parsing finished)	4.121695	1.4160943169999882	260.194304
pthread-wmm/safe028_rmo.yml	true	ERROR (server error, after parsing finished)	4.653615	1.548812092999924	269.180928
pthread-wmm/safe029_power.oepc_pso.oepc_rmo.oepc.yml	true	ERROR (server error, after parsing finished)	4.276595	1.4245281089999935	243.163136
pthread-wmm/safe029_power.opt_pso.opt_rmo.opt.yml	true	ERROR (server error, after parsing finished)	4.562111	1.5199859580000066	244.068352
pthread-wmm/safe029_tso.yml	true	ERROR (server error, after parsing finished)	3.978313	1.371886909000068	253.313024
pthread-wmm/safe030_power.oepc_pso.oepc_rmo.oepc.yml	true	ERROR (server error, after parsing finished)	4.757568	1.6038920529999814	259.297280
pthread-wmm/safe030_power.opt_pso.opt_rmo.opt.yml	true	ERROR (server error, after parsing finished)	4.852828	1.62008730499997	262.320128
pthread-wmm/safe030_tso.yml	true	ERROR (server error, after parsing finished)	4.086039	1.3967648259999805	262.213632
pthread-wmm/safe031_power.oepc_pso.oepc_rmo.oepc.yml	true	ERROR (server error, after parsing finished)	4.853633	1.6231926320001548	264.458240
pthread-wmm/safe031_power.opt_pso.opt_rmo.opt.yml	true	ERROR (server error, after parsing finished)	4.949896	1.6624676669998735	261.218304
pthread-wmm/safe031_tso.yml	true	ERROR (server error, after parsing finished)	3.792053	1.2926280320000387	240.463872
pthread-wmm/safe032_power.oepc_power.opt_pso.oepc_pso.opt_rmo.oepc_rmo.opt.yml	true	ERROR (server error, after parsing finished)	5.342932	1.7700139890000628	291.069952
pthread-wmm/safe032_tso.yml	true	ERROR (server error, after parsing finished)	4.075398	1.406626985999992	260.599808
pthread-wmm/safe033_power.oepc_power.opt_pso.oepc_pso.opt_rmo.oepc_rmo.opt.yml	true	ERROR (server error, after parsing finished)	4.269192	1.4684417620001113	243.494912
pthread-wmm/safe033_tso.yml	true	ERROR (server error, after parsing finished)	3.917011	1.3557826940000268	265.220096
pthread-wmm/safe034_power.oepc_power.opt_pso.oepc_pso.opt_rmo.oepc_rmo.opt.yml	true	ERROR (server error, after parsing finished)	4.608607	1.5495039580000594	262.242304
pthread-wmm/safe034_tso.yml	true	ERROR (server error, after parsing finished)	3.943611	1.3651641430001291	247.005184
pthread-wmm/safe035_power.yml	true	ERROR (server error, after parsing finished)	5.596533	1.8547584059999735	311.717888
pthread-wmm/safe035_pso.oepc_pso.opt_rmo.oepc_rmo.opt_tso.oepc_tso.opt.yml	true	ERROR (server error, after parsing finished)	4.073287	1.3919006739999986	256.876544
pthread-wmm/safe036.yml	true	ERROR (server error, after parsing finished)	3.780908	1.299852163000196	243.159040
pthread-wmm/safe037.yml	true	ERROR (server error, after parsing finished)	3.724558	1.2811267960000805	245.194752
pthread-wmm/thin002_power.oepc.yml	true	ERROR (server error, after parsing finished)	5.150768	1.7277021019999665	283.025408
pthread-wmm/thin002_power.opt.yml	true	ERROR (server error, after parsing finished)	5.359702	1.7827133949999734	312.852480
pthread-wmm/thin002_pso.oepc_pso.opt_tso.oepc_tso.opt.yml	true	ERROR (server error, after parsing finished)	3.855648	1.328648540000131	242.147328
pthread-wmm/thin002_rmo.yml	true	ERROR (server error, after parsing finished)	4.939522	1.6329082099998686	275.513344
pthread-lit/fk2012.yml	false	ERROR (server error, after parsing finished)	4.58237	1.5748496490000434	250.253312
pthread-lit/fkp2013-1.yml	false	ERROR (server error, after parsing finished)	3.435631	1.2189653989998988	242.974720
pthread-lit/fkp2013-2.yml	false	ERROR (server error, after parsing finished)	3.657908	1.2910330390000126	238.571520
pthread-lit/fkp2013_variant-1.yml	false	ERROR (server error, after parsing finished)	3.630505	1.2757718360001036	257.183744
pthread-lit/fkp2013_variant-2.yml	false	ERROR (server error, after parsing finished)	3.666803	1.2789569230001234	257.740800
pthread-lit/fkp2014.yml	false	ERROR (server error, after parsing finished)	3.769762	1.3197999659998914	259.694592
pthread-lit/qw2004-1.yml	false	ERROR (server error, after parsing finished)	3.864196	1.3443985760000032	249.761792
pthread-lit/qw2004-2.yml	false	ERROR (server error, after parsing finished)	3.634343	1.2463144499999999	237.383680
pthread-lit/qw2004-2b.yml	true	ERROR (server error, after parsing finished)	3.959708	1.3690796749999663	259.641344
pthread-lit/qw2004_variant.yml	false	ERROR (server error, after parsing finished)	3.931771	1.3552894500001003	248.635392
pthread-lit/sssc12.yml	true	ERROR (server error, after parsing finished)	4.347441	1.5191044329999386	249.466880
pthread-lit/sssc12_variant.yml	true	ERROR (server error, after parsing finished)	4.489493	1.536335925000003	252.731392
ldv-races/race-1_1-join.yml	true	ERROR (server error, after parsing finished)	4.513493	1.5366416140000183	305.717248
ldv-races/race-1_2-join.yml	true	ERROR (server error, after parsing finished)	4.890134	1.6899530910000067	304.201728
ldv-races/race-1_2b-join.yml	false	ERROR (server error, after parsing finished)	5.116226	1.781965653000043	316.203008
ldv-races/race-1_3-join.yml	true	ERROR (server error, after parsing finished)	4.970918	1.7165998199998285	314.773504
ldv-races/race-1_3b-join.yml	false	ERROR (server error, after parsing finished)	5.017618	1.7515327789999446	316.534784
ldv-races/race-2_1-container_of.yml	true	ERROR (frontend failed, before parsing finished)	3.65245	1.3573774070000582	252.395520
ldv-races/race-2_2-container_of.yml	true	ERROR (frontend failed, before parsing finished)	3.602057	1.3106654630000776	253.308928
ldv-races/race-2_2b-container_of.yml	false	ERROR (frontend failed, before parsing finished)	3.934406	1.4003267680000135	267.251712
ldv-races/race-2_3-container_of.yml	true	ERROR (frontend failed, before parsing finished)	3.163085	1.1807823660001304	251.682816
ldv-races/race-2_3b-container_of.yml	false	ERROR (frontend failed, before parsing finished)	3.511272	1.2787691969999742	254.078976
ldv-races/race-2_4-container_of.yml	true	ERROR (frontend failed, before parsing finished)	3.669137	1.3435271779999312	252.272640
ldv-races/race-2_4b-container_of.yml	false	ERROR (frontend failed, before parsing finished)	4.019386	1.425971048000065	252.899328
ldv-races/race-2_5-container_of.yml	true	ERROR (frontend failed, before parsing finished)	3.525066	1.2696114230000148	252.829696
ldv-races/race-2_5b-container_of.yml	false	ERROR (frontend failed, before parsing finished)	3.743109	1.3578824989999703	261.029888
ldv-races/race-3_1-container_of-global.yml	true	ERROR (frontend failed, before parsing finished)	3.574149	1.303003136999905	249.913344
ldv-races/race-3_2-container_of-global.yml	true	ERROR (frontend failed, before parsing finished)	3.775396	1.3924099799999112	260.640768
ldv-races/race-3_2b-container_of-global.yml	false	ERROR (frontend failed, before parsing finished)	3.85	1.3909309429998302	260.403200
ldv-races/race-4_1-thread_local_vars.yml	true	ERROR (server error, after parsing finished)	4.815288	1.606709070000079	305.987584
ldv-races/race-4_2-thread_local_vars.yml	false	ERROR (server error, after parsing finished)	5.69518	1.9156407600000875	313.589760
ldv-linux-3.14-races/linux-3.14--drivers--media--platform--marvell-ccic--cafe_ccic.ko.cil-1.yml	true	ERROR (frontend failed, before parsing finished)	2.792037	1.0229199720001816	205.484032
ldv-linux-3.14-races/linux-3.14--drivers--media--platform--marvell-ccic--cafe_ccic.ko.cil-2.yml	true	ERROR (frontend failed, before parsing finished)	3.096032	1.1318305360000522	207.343616
ldv-linux-3.14-races/linux-3.14--drivers--net--irda--nsc-ircc.ko.cil.yml	true	ERROR (frontend failed, before parsing finished)	2.793771	1.017393458000015	191.524864
ldv-linux-3.14-races/linux-3.14--drivers--net--irda--w83977af_ir.ko.cil.yml	true	ERROR (frontend failed, before parsing finished)	3.9678	1.4226415480000014	305.401856
ldv-linux-3.14-races/linux-3.14--drivers--spi--spi-tegra20-slink.ko.cil.yml	true	ERROR (frontend failed, before parsing finished)	2.629605	0.9753575830000045	174.755840
ldv-linux-3.14-races/linux-3.14--drivers--usb--misc--adutux.ko.cil.yml	true	ERROR (frontend failed, before parsing finished)	3.584972	1.2792453140000362	255.336448
pthread-complex/bounded_buffer.yml	true	ERROR (frontend failed, before parsing finished)	4.138637	1.4361952429999292	303.099904
pthread-complex/elimination_backoff_stack-race.yml	false	ERROR (frontend failed, before parsing finished)	4.058682	1.4245579879998331	267.288576
pthread-complex/elimination_backoff_stack.yml	true	ERROR (frontend failed, before parsing finished)	4.224751	1.4753785000000335	270.598144
pthread-complex/safestack_relacy.yml	true	ERROR (frontend failed, before parsing finished)	4.276418	1.488985090999904	280.256512
pthread-complex/workstealqueue_mutex-1.yml	false	ERROR (frontend failed, before parsing finished)	4.545299	1.5766495760001362	305.741824
pthread-complex/workstealqueue_mutex-2.yml	true	ERROR (frontend failed, before parsing finished)	4.224895	1.4574057710001398	313.778176
pthread-driver-races/char_generic_nvram_nvram_unlocked_ioctl_write_nvram.yml	true	ERROR (frontend failed, before parsing finished)	2.497952	0.9604389680000622	156.913664
pthread-driver-races/char_generic_nvram_read_nvram_nvram_unlocked_ioctl.yml	true	ERROR (frontend failed, before parsing finished)	2.38521	0.9048059809999813	156.848128
pthread-driver-races/char_generic_nvram_read_nvram_write_nvram-race.yml	false	ERROR (frontend failed, before parsing finished)	2.4899	0.9464529829999719	157.917184
pthread-driver-races/char_generic_nvram_read_nvram_write_nvram.yml	true	ERROR (frontend failed, before parsing finished)	2.378701	0.911882819000084	160.567296
pthread-driver-races/char_pc8736x_gpio_pc8736x_gpio_change_pc8736x_gpio_configure.yml	true	ERROR (frontend failed, before parsing finished)	3.125108	1.1421376770001643	219.004928
pthread-driver-races/char_pc8736x_gpio_pc8736x_gpio_change_pc8736x_gpio_current-race.yml	false	ERROR (frontend failed, before parsing finished)	3.048393	1.1250617319999492	220.397568
pthread-driver-races/char_pc8736x_gpio_pc8736x_gpio_change_pc8736x_gpio_current.yml	true	ERROR (frontend failed, before parsing finished)	3.164569	1.1569923790000303	226.361344
pthread-driver-races/char_pc8736x_gpio_pc8736x_gpio_change_pc8736x_gpio_get.yml	true	ERROR (frontend failed, before parsing finished)	2.797038	1.0469499349999296	216.604672
pthread-driver-races/char_pc8736x_gpio_pc8736x_gpio_change_pc8736x_gpio_set-race.yml	false	ERROR (frontend failed, before parsing finished)	2.952992	1.0873987019999731	214.077440
pthread-driver-races/char_pc8736x_gpio_pc8736x_gpio_change_pc8736x_gpio_set.yml	true	ERROR (frontend failed, before parsing finished)	2.682391	0.9929572029998326	216.469504
pthread-driver-races/char_pc8736x_gpio_pc8736x_gpio_configure_pc8736x_gpio_current.yml	true	ERROR (frontend failed, before parsing finished)	3.144168	1.1443776210001033	215.502848
pthread-driver-races/char_pc8736x_gpio_pc8736x_gpio_configure_pc8736x_gpio_get.yml	true	ERROR (frontend failed, before parsing finished)	2.936838	1.0875644860000193	213.278720
pthread-driver-races/char_pc8736x_gpio_pc8736x_gpio_configure_pc8736x_gpio_set.yml	true	ERROR (frontend failed, before parsing finished)	3.218754	1.173143550000077	218.906624
pthread-driver-races/char_pc8736x_gpio_pc8736x_gpio_current_pc8736x_gpio_get.yml	true	ERROR (frontend failed, before parsing finished)	2.933226	1.091209137000078	213.168128
pthread-driver-races/char_pc8736x_gpio_pc8736x_gpio_current_pc8736x_gpio_set-race.yml	false	ERROR (frontend failed, before parsing finished)	3.089455	1.1211450959999638	225.267712
pthread-driver-races/char_pc8736x_gpio_pc8736x_gpio_current_pc8736x_gpio_set.yml	true	ERROR (frontend failed, before parsing finished)	2.815476	1.0247887309999442	216.338432
pthread-driver-races/char_pc8736x_gpio_pc8736x_gpio_get_pc8736x_gpio_set.yml	true	ERROR (frontend failed, before parsing finished)	2.766441	1.0195572049999555	216.170496
pthread-driver-races/char_pc8736x_gpio_pc8736x_gpio_open_pc8736x_gpio_change.yml	true	ERROR (frontend failed, before parsing finished)	2.974421	1.1044445100001212	216.059904
pthread-driver-races/char_pc8736x_gpio_pc8736x_gpio_open_pc8736x_gpio_configure.yml	true	ERROR (frontend failed, before parsing finished)	2.987004	1.094941351999978	215.207936
pthread-driver-races/char_pc8736x_gpio_pc8736x_gpio_open_pc8736x_gpio_current.yml	true	ERROR (frontend failed, before parsing finished)	2.997402	1.1154367950000506	227.094528
pthread-driver-races/char_pc8736x_gpio_pc8736x_gpio_open_pc8736x_gpio_get.yml	true	ERROR (frontend failed, before parsing finished)	3.217449	1.1826355149999017	213.209088
pthread-driver-races/char_pc8736x_gpio_pc8736x_gpio_open_pc8736x_gpio_set.yml	true	ERROR (frontend failed, before parsing finished)	2.8337	1.0594591909998599	216.203264
pthread-C-DAC/pthread-demo-datarace-1.yml	true	ERROR (server error, after parsing finished)	4.727323	1.6182894160001524	273.260544
pthread-C-DAC/pthread-demo-datarace-2.yml	false	ERROR (server error, after parsing finished)	5.083782	1.75925276199996	269.369344
pthread-C-DAC/pthread-demo-datarace-3.yml	true	ERROR (server error, after parsing finished)	4.328389	1.4546906800001125	272.633856
pthread-C-DAC/pthread-finding-k-matches.yml	true	ERROR (frontend failed, before parsing finished)	4.058065	1.4163657649999095	246.767616
pthread-C-DAC/pthread-numerical-integration.yml	true	ERROR (frontend failed, before parsing finished)	3.896852	1.397235708999915	309.895168
pthread-divine/barrier_2t.yml	false	ERROR (frontend failed, before parsing finished)	3.273528	1.16651922799997	217.161728
pthread-divine/barrier_3t.yml	false	ERROR (frontend failed, before parsing finished)	3.300646	1.2030691439999828	221.966336
pthread-divine/condvar.yml	false	ERROR (server error, after parsing finished)	3.768327	1.322460559000092	257.249280
pthread-divine/condvar_spurious_wakeup.yml	false	ERROR (server error, after parsing finished)	4.03764	1.4101666290000594	258.633728
pthread-divine/divinefifo-bug_1w1r.yml	false	ERROR (frontend failed, before parsing finished)	3.260297	1.1796423499999946	238.493696
pthread-divine/divinefifo_1w1r.yml	false	ERROR (frontend failed, before parsing finished)	3.790611	1.3406996179999169	254.148608
pthread-divine/one_time_barrier_2t.yml	false	ERROR (frontend failed, before parsing finished)	3.107792	1.1410922790000768	220.405760
pthread-divine/one_time_barrier_3t.yml	false	ERROR (frontend failed, before parsing finished)	3.165923	1.1498599379999632	222.777344
pthread-divine/one_time_barrier_twice_2t.yml	false	ERROR (frontend failed, before parsing finished)	3.073601	1.0987294189999375	232.775680
pthread-divine/one_time_barrier_twice_3t.yml	false	ERROR (frontend failed, before parsing finished)	3.179525	1.1536724910001794	231.153664
pthread-divine/ring_1w1r-1.yml	false	ERROR (frontend failed, before parsing finished)	3.211929	1.169650633999936	233.476096
pthread-divine/ring_1w1r-2.yml	false	ERROR (frontend failed, before parsing finished)	3.567713	1.2787824499998806	239.222784
pthread-divine/ring_2w1r-1.yml	false	ERROR (frontend failed, before parsing finished)	3.580433	1.282349042000078	254.332928
pthread-divine/ring_2w1r-2.yml	false	ERROR (frontend failed, before parsing finished)	3.269558	1.1792312200000197	242.872320
pthread-divine/tls_basic.yml	true	ERROR (server error, after parsing finished)	3.799585	1.3324386209999375	250.990592
pthread-divine/tls_destructor_worker.yml	true	ERROR (server error, after parsing finished)	3.451587	1.2390146299999287	240.943104
pthread-nondet/nondet-array-1.yml	false	ERROR (frontend failed, before parsing finished)	2.990677	1.115918529000055	216.621056
pthread-nondet/nondet-array-2.yml	false	ERROR (frontend failed, before parsing finished)	3.019316	1.1060887439998623	224.862208
pthread-nondet/nondet-loop-bound-1.yml	false	ERROR (server error, after parsing finished)	3.723216	1.3193199939998976	244.305920
pthread-nondet/nondet-loop-bound-2.yml	false	ERROR (server error, after parsing finished)	3.66493	1.2934675660001176	239.284224
pthread-nondet/nondet-loop-bound-variant-1.yml	false	ERROR (server error, after parsing finished)	3.801992	1.329361191000089	252.583936
pthread-nondet/nondet-loop-bound-variant-2.yml	false	ERROR (server error, after parsing finished)	3.728193	1.3081089739998788	249.737216
goblint-regression/00-sanity_09-include.yml	false	ERROR (server error, after parsing finished)	3.657887	1.2971709030000511	259.313664
goblint-regression/02-base_24-malloc_races.yml	false	ERROR (server error, after parsing finished)	4.411571	1.5672441619999518	255.418368
goblint-regression/02-base_25-malloc_race_cp.yml	false	ERROR (server error, after parsing finished)	4.858978	1.7336508400001094	262.045696
goblint-regression/02-base_26-malloc_struct.yml	false	ERROR (frontend failed, before parsing finished)	3.986321	1.3812650419999954	254.468096
goblint-regression/03-practical_07-nonterm.yml	false	ERROR (server error, after parsing finished)	3.950313	1.3930622859998039	248.422400
goblint-regression/03-practical_08-nonterm1.yml	false	ERROR (server error, after parsing finished)	4.063298	1.4239468329999454	244.756480
goblint-regression/03-practical_15-exit_problems.yml	false	ERROR (server error, after parsing finished)	4.345739	1.5220949269998982	245.071872
goblint-regression/04-mutex_01-simple_rc.yml	false	ERROR (server error, after parsing finished)	3.586306	1.283712180000066	259.686400
goblint-regression/04-mutex_02-simple_nr.yml	true	ERROR (server error, after parsing finished)	4.089659	1.434660974000053	249.106432
goblint-regression/04-mutex_03-munge_rc.yml	false	ERROR (server error, after parsing finished)	4.311823	1.5133207740000216	251.686912
goblint-regression/04-mutex_04-munge_nr.yml	true	ERROR (server error, after parsing finished)	3.914295	1.3558647960001053	251.990016
goblint-regression/04-mutex_05-lockfuns.yml	true	ERROR (server error, after parsing finished)	3.976889	1.3741505719999623	245.329920
goblint-regression/04-mutex_06-ps_rc.yml	false	ERROR (server error, after parsing finished)	4.016868	1.414792886999976	255.479808
goblint-regression/04-mutex_07-ps_nr.yml	true	ERROR (server error, after parsing finished)	4.115667	1.4383335780000834	259.620864
goblint-regression/04-mutex_09-ptrmunge_rc.yml	false	ERROR (server error, after parsing finished)	4.484876	1.5629429539999364	254.455808
goblint-regression/04-mutex_10-ptrmunge_nr.yml	true	ERROR (server error, after parsing finished)	4.341502	1.5170986919999905	262.635520
goblint-regression/04-mutex_11-ptr_rc.yml	false	ERROR (server error, after parsing finished)	3.926254	1.3860711410000022	246.460416
goblint-regression/04-mutex_12-ptr_nr.yml	true	ERROR (server error, after parsing finished)	3.872131	1.3557995649998702	251.572224
goblint-regression/04-mutex_14-funarg_rc.yml	false				
goblint-regression/04-mutex_15-funarg_nr.yml	true				
goblint-regression/04-mutex_16-ps_add1_rc.yml	false				
goblint-regression/04-mutex_17-ps_add1_nr.yml	true				
goblint-regression/04-mutex_18-glob_guards.yml	true				
goblint-regression/04-mutex_19-call_by_ptr_rc.yml	false				
goblint-regression/04-mutex_20-stdfun_rc.yml	false				
goblint-regression/04-mutex_21-sound_base.yml	false				
goblint-regression/04-mutex_22-deref_read.yml	true				
goblint-regression/04-mutex_23-sound_unlock.yml	false				
goblint-regression/04-mutex_24-sound_lock.yml	false				
goblint-regression/04-mutex_25-single_acc.yml	false				
goblint-regression/04-mutex_27-base_rc.yml	false				
goblint-regression/04-mutex_28-base_nr.yml	true				
goblint-regression/04-mutex_35-trylock_rc.yml	false				
goblint-regression/04-mutex_36-trylock_nr.yml	true				
goblint-regression/04-mutex_37-indirect_rc.yml	false				
goblint-regression/04-mutex_38-indexing_malloc.yml	false				
goblint-regression/04-mutex_41-pt_rwlock.yml	true				
goblint-regression/04-mutex_42-trylock_2mutex.yml	true				
goblint-regression/04-mutex_43-thread_create_nr.yml	true				
goblint-regression/04-mutex_44-malloc_sound.yml	false				
goblint-regression/04-mutex_45-escape_rc.yml	false				
goblint-regression/04-mutex_46-escape_nr.yml	true				
goblint-regression/04-mutex_47-fun_write.yml	false				
goblint-regression/04-mutex_50-funptr_rc.yml	false				
goblint-regression/04-mutex_51-mutex_ptr.yml	true				
goblint-regression/04-mutex_54-pt_rwlock_ww.yml	true				
goblint-regression/04-mutex_55-pt_rwlock_rr.yml	false				
goblint-regression/05-lval_ls_01-idx_rc.yml	false				
goblint-regression/05-lval_ls_02-idx_nr.yml	true				
goblint-regression/05-lval_ls_03-fld_rc.yml	false				
goblint-regression/05-lval_ls_04-fld_nr.yml	true				
goblint-regression/05-lval_ls_05-glob_idx_rc.yml	false				
goblint-regression/05-lval_ls_07-glob_fld_rc.yml	false				
goblint-regression/05-lval_ls_08-glob_fld_2_rc.yml	false				
goblint-regression/05-lval_ls_09-idxsense_rc.yml	false				
goblint-regression/05-lval_ls_11-fldsense_rc.yml	false				
goblint-regression/05-lval_ls_12-fldsense_nr.yml	true				
goblint-regression/05-lval_ls_13-idxunknown_lock.yml	false				
goblint-regression/05-lval_ls_14-idxunknown_access.yml	false				
goblint-regression/05-lval_ls_15-fldunknown_access.yml	false				
goblint-regression/05-lval_ls_16-idxunknown_unlock.yml	false				
goblint-regression/06-symbeq_02-funloop_norace.yml	true				
goblint-regression/06-symbeq_03-funloop_simple.yml	false				
goblint-regression/06-symbeq_04-funloop_hard1.yml	false				
goblint-regression/06-symbeq_05-funloop_hard2.yml	true				
goblint-regression/06-symbeq_06-tricky_address1.yml	true				
goblint-regression/06-symbeq_07-tricky_address2.yml	true				
goblint-regression/06-symbeq_08-tricky_address3.yml	true				
goblint-regression/06-symbeq_09-tricky_address4.yml	false				
goblint-regression/06-symbeq_10-equ_rc.yml	false				
goblint-regression/06-symbeq_11-equ_nr.yml	true				
goblint-regression/06-symbeq_13-equ_proc_nr.yml	true				
goblint-regression/06-symbeq_14-list_entry_rc.yml	true				
goblint-regression/06-symbeq_15-list_entry_nr.yml	true				
goblint-regression/06-symbeq_23-idxsense_nr.yml	true				
goblint-regression/09-regions_01-list_rc.yml	false				
goblint-regression/09-regions_02-list_nr.yml	true				
goblint-regression/09-regions_03-list2_rc.yml	false				
goblint-regression/09-regions_04-list2_nr.yml	true				
goblint-regression/09-regions_05-ptra_rc.yml	false				
goblint-regression/09-regions_06-ptra_nr.yml	true				
goblint-regression/09-regions_09-arraylist.yml	true				
goblint-regression/09-regions_10-arraylist_rc.yml	false				
goblint-regression/09-regions_11-arraylist_nr.yml	true				
goblint-regression/09-regions_12-arraycollapse_rc.yml	true				
goblint-regression/09-regions_13-arraycollapse_nr.yml	true				
goblint-regression/09-regions_16-arrayloop_rc.yml	false				
goblint-regression/09-regions_17-arrayloop_nr.yml	true				
goblint-regression/09-regions_18-nested_rc.yml	false				
goblint-regression/09-regions_19-nested_nr.yml	true				
goblint-regression/09-regions_20-arrayloop2_rc.yml	false				
goblint-regression/09-regions_21-arrayloop2_nr.yml	true				
goblint-regression/09-regions_22-nocollapse.yml	true				
goblint-regression/09-regions_23-evilcollapse_rc.yml	false				
goblint-regression/09-regions_24-evilcollapse_nr.yml	true				
goblint-regression/09-regions_26-alloc_region_rc.yml	false				
goblint-regression/09-regions_28-list2alloc.yml	false				
goblint-regression/10-synch_01-thread_unique.yml	true				
goblint-regression/10-synch_02-thread_nonunique.yml	false				
goblint-regression/10-synch_03-two_unique.yml	true				
goblint-regression/13-privatized_01-priv_nr_true.yml	true				
goblint-regression/13-privatized_03-priv_inv.yml	true				
goblint-regression/13-privatized_04-priv_multi_true.yml	true				
goblint-regression/13-privatized_18-first-reads_true.yml	true				
goblint-regression/13-privatized_18-first-reads_unknown_1_neg.yml	true				
goblint-regression/13-privatized_18-first-reads_unknown_1_pos.yml	true				
goblint-regression/13-privatized_18-first-reads_unknown_2_neg.yml	true				
goblint-regression/13-privatized_18-first-reads_unknown_2_pos.yml	true				
goblint-regression/13-privatized_19-publish-precision_true.yml	true				
goblint-regression/13-privatized_19-publish-precision_unknown_1_neg.yml	true				
goblint-regression/13-privatized_19-publish-precision_unknown_1_pos.yml	true				
goblint-regression/13-privatized_19-publish-precision_unknown_2_neg.yml	true				
goblint-regression/13-privatized_19-publish-precision_unknown_2_pos.yml	true				
goblint-regression/13-privatized_20-publish-regression_true.yml	true				
goblint-regression/13-privatized_24-multiple-protecting_true.yml	true				
goblint-regression/13-privatized_25-struct_nr_true.yml	true				
goblint-regression/13-privatized_27-multiple-protecting2_true.yml	true				
goblint-regression/13-privatized_29-multiple-protecting2-vesal_true.yml	true				
goblint-regression/13-privatized_30-traces-oplus-vs-meet_true.yml	true				
goblint-regression/13-privatized_31-traces-mine-vs-mutex_true.yml	true				
goblint-regression/13-privatized_32-traces-mine-vs-oplus-vs-meet_true.yml	true				
goblint-regression/13-privatized_33-traces-v-matters_true.yml	true				
goblint-regression/13-privatized_34-traces-minepp-L-needs-to-be-um_true.yml	true				
goblint-regression/13-privatized_35-traces-ex-2_true.yml	true				
goblint-regression/13-privatized_36-traces-ex-3_true.yml	true				
goblint-regression/13-privatized_37-traces-ex-4_true.yml	true				
goblint-regression/13-privatized_38-traces-ex-4-switch_true.yml	true				
goblint-regression/13-privatized_40-traces-ex-6_true.yml	true				
goblint-regression/13-privatized_41-traces-ex-7_unknown_1_neg.yml	true				
goblint-regression/13-privatized_41-traces-ex-7_unknown_1_pos.yml	true				
goblint-regression/13-privatized_42-traces-ex-mini_true.yml	true				
goblint-regression/13-privatized_44-traces-mine2_true.yml	true				
goblint-regression/13-privatized_45-traces-per-global-and-current-lock-mine-incomparable_true.yml	true				
goblint-regression/13-privatized_46-refine-protected1_true.yml	true				
goblint-regression/13-privatized_47-refine-protected2_true.yml	true				
goblint-regression/13-privatized_52-refine-protected-loop2-small_true.yml	true				
goblint-regression/13-privatized_57-singlethreaded-unlock_true.yml	true				
goblint-regression/13-privatized_58-singlethreaded-lock_true.yml	true				
goblint-regression/13-privatized_66-mine-W-init_true.yml	true				
goblint-regression/13-privatized_67-pthread_cond_wait_true.yml	true				
goblint-regression/13-privatized_67-pthread_cond_wait_unknown_1_neg.yml	true				
goblint-regression/13-privatized_67-pthread_cond_wait_unknown_1_pos.yml	true				
goblint-regression/13-privatized_68-pfscan_protected_loop_minimal_interval_true.yml	true				
goblint-regression/13-privatized_69-refine-protected-loop-interval_true.yml	true				
goblint-regression/28-race_reach_01-simple_racing.yml	true				
goblint-regression/28-race_reach_02-simple_racefree.yml	true				
goblint-regression/28-race_reach_03-munge_racing.yml	true				
goblint-regression/28-race_reach_04-munge_racefree.yml	true				
goblint-regression/28-race_reach_05-lockfuns_racefree.yml	true				
goblint-regression/28-race_reach_06-cond_racing1.yml	true				
goblint-regression/28-race_reach_07-cond_racing2.yml	true				
goblint-regression/28-race_reach_08-cond_racefree.yml	true				
goblint-regression/28-race_reach_09-ptrmunge_racing.yml	true				
goblint-regression/28-race_reach_10-ptrmunge_racefree.yml	true				
goblint-regression/28-race_reach_11-ptr_racing.yml	true				
goblint-regression/28-race_reach_12-ptr_racefree.yml	true				
goblint-regression/28-race_reach_19-callback_racing.yml	true				
goblint-regression/28-race_reach_20-callback_racefree.yml	true				
goblint-regression/28-race_reach_21-deref_read_racing.yml	true				
goblint-regression/28-race_reach_22-deref_read_racefree.yml	true				
goblint-regression/28-race_reach_23-sound_unlock_racing.yml	true				
goblint-regression/28-race_reach_24-sound_lock_racing.yml	true				
goblint-regression/28-race_reach_27-funptr_racing.yml	true				
goblint-regression/28-race_reach_28-funptr_racefree.yml	true				
goblint-regression/28-race_reach_36-indirect_racefree.yml	true				
goblint-regression/28-race_reach_37-indirect_racing.yml	true				
goblint-regression/28-race_reach_40-trylock_racing.yml	true				
goblint-regression/28-race_reach_41-trylock_racefree.yml	true				
goblint-regression/28-race_reach_42-trylock2_racefree.yml	true				
goblint-regression/28-race_reach_45-escape_racing.yml	true				
goblint-regression/28-race_reach_46-escape_racefree.yml	true				
goblint-regression/28-race_reach_51-mutexptr_racefree.yml	true				
goblint-regression/28-race_reach_60-invariant_racefree.yml	true				
goblint-regression/28-race_reach_61-invariant_racing-2.yml	false				
goblint-regression/28-race_reach_61-invariant_racing.yml	true				
goblint-regression/28-race_reach_70-funloop_racefree.yml	true				
goblint-regression/28-race_reach_71-funloop_racing.yml	true				
goblint-regression/28-race_reach_72-funloop_hard_racing.yml	true				
goblint-regression/28-race_reach_73-funloop_hard_racefree.yml	true				
goblint-regression/28-race_reach_74-tricky_address1_racefree.yml	true				
goblint-regression/28-race_reach_75-tricky_address2_racefree.yml	true				
goblint-regression/28-race_reach_76-tricky_address3_racefree.yml	true				
goblint-regression/28-race_reach_77-tricky_address4_racing.yml	true				
goblint-regression/28-race_reach_78-equ_racing.yml	true				
goblint-regression/28-race_reach_79-equ_racefree.yml	true				
goblint-regression/28-race_reach_81-list_racing.yml	true				
goblint-regression/28-race_reach_82-list_racefree.yml	true				
goblint-regression/28-race_reach_83-list2_racing1.yml	true				
goblint-regression/28-race_reach_84-list2_racing2.yml	true				
goblint-regression/28-race_reach_85-list2_racefree.yml	true				
goblint-regression/28-race_reach_86-lists_racing.yml	true				
goblint-regression/28-race_reach_87-lists_racefree.yml	true				
goblint-regression/28-race_reach_90-arrayloop2_racing.yml	true				
goblint-regression/28-race_reach_91-arrayloop2_racefree.yml	true				
goblint-regression/28-race_reach_92-evilcollapse_racing.yml	true				
goblint-regression/28-race_reach_93-evilcollapse_racefree.yml	true				
goblint-regression/28-race_reach_94-alloc_region_racing.yml	true				
goblint-regression/36-apron_11-traces-max-simple_true.yml	true				
goblint-regression/36-apron_16-traces-unprot2_true.yml	true				
goblint-regression/36-apron_17-traces-rpb-litmus_unknown_1_neg.yml	true				
goblint-regression/36-apron_17-traces-rpb-litmus_unknown_1_pos.yml	true				
goblint-regression/36-apron_21-traces-cluster-based_true.yml	true				
goblint-regression/36-apron_22-traces-write-centered-vs-meet-mutex_true_no-overflow.yml	true				
goblint-regression/36-apron_41-threadenter-no-locals_unknown_1_neg.yml	true				
goblint-regression/36-apron_41-threadenter-no-locals_unknown_1_pos.yml	true				
weaver/array-eq-symm.wvr.yml	true				
weaver/array-eq-trans.wvr.yml	true				
weaver/bench-exp1x3.wvr.yml	true				
weaver/bench-exp2x3.wvr.yml	true				
weaver/bench-exp2x4.wvr.yml	true				
weaver/bench-exp2x6.wvr.yml	true				
weaver/bench-exp2x9.wvr.yml	true				
weaver/bench-exp3x3-opt.wvr.yml	true				
weaver/bench-exp3x3.wvr.yml	true				
weaver/chl-array-int-subst.wvr.yml	true				
weaver/chl-array-int-symm.wvr.yml	true				
weaver/chl-array-int-trans.wvr.yml	true				
weaver/chl-chromosome-opt-symm.wvr.yml	true				
weaver/chl-chromosome-subst.wvr.yml	true				
weaver/chl-chromosome-symm.wvr.yml	true				
weaver/chl-chromosome-trans.wvr.yml	true				
weaver/chl-collitem-subst.wvr.yml	true				
weaver/chl-collitem-symm.wvr.yml	true				
weaver/chl-collitem-trans.wvr.yml	true				
weaver/chl-exp-term-subst.wvr.yml	true				
weaver/chl-exp-term-symm.wvr.yml	true				
weaver/chl-file-item-subst.wvr.yml	true				
weaver/chl-file-item-symm.wvr.yml	true				
weaver/chl-file-item-trans.wvr.yml	true				
weaver/chl-match-subst.wvr.yml	true				
weaver/chl-match-symm.wvr.yml	true				
weaver/chl-match-trans.wvr.yml	true				
weaver/chl-name-comparator-subst.wvr.yml	true				
weaver/chl-name-comparator-symm.wvr.yml	true				
weaver/chl-name-comparator-trans.wvr.yml	true				
weaver/chl-node-subst.wvr.yml	true				
weaver/chl-node-symm.wvr.yml	true				
weaver/chl-node-trans.wvr.yml	true				
weaver/chl-nzb-file-subst.wvr.yml	true				
weaver/chl-nzb-file-symm.wvr.yml	true				
weaver/chl-nzb-file-trans.wvr.yml	true				
weaver/chl-poker-hand-subst.wvr.yml	true				
weaver/chl-poker-hand-symm.wvr.yml	true				
weaver/chl-poker-hand-trans.wvr.yml	true				
weaver/chl-simpl-str-subst.wvr.yml	true				
weaver/chl-simpl-str-symm.wvr.yml	true				
weaver/chl-simpl-str-trans.wvr.yml	true				
weaver/chl-sre-subst.wvr.yml	true				
weaver/chl-sre-symm.wvr.yml	true				
weaver/chl-sre-trans.wvr.yml	true				
weaver/chl-time-subst.wvr.yml	true				
weaver/chl-time-symm.wvr.yml	true				
weaver/chl-time-trans.wvr.yml	true				
weaver/chl-word-subst.wvr.yml	true				
weaver/chl-word-symm.wvr.yml	true				
weaver/chl-word-trans.wvr.yml	true				
weaver/clever.wvr.yml	true				
weaver/fibonacci.wvr.yml	true				
weaver/loop-tiling-eq.wvr.yml	true				
weaver/mult-comm.wvr.yml	true				
weaver/mult-dist.wvr.yml	true				
weaver/mult-flipped-dist.wvr.yml	true				
weaver/parallel-bakery-2.wvr.yml	true				
weaver/parallel-bakery-3.wvr.yml	true				
weaver/parallel-bakery-4.wvr.yml	true				
weaver/parallel-barrier-loop.wvr.yml	true				
weaver/parallel-barrier.wvr.yml	true				
weaver/parallel-bluetooth.wvr.yml	true				
weaver/parallel-lamport.wvr.yml	true				
weaver/parallel-min-max-1.wvr.yml	true				
weaver/parallel-misc-1.wvr.yml	true				
weaver/parallel-misc-2-unrolled-atomic.wvr.yml	true				
weaver/parallel-misc-2-unrolled.wvr.yml	true				
weaver/parallel-misc-2.wvr.yml	true				
weaver/parallel-misc-3-extended.wvr.yml	true				
weaver/parallel-misc-3.wvr.yml	true				
weaver/parallel-misc-4.wvr.yml	true				
weaver/parallel-misc-5.wvr.yml	true				
weaver/parallel-parallel-sum-1-dsl.wvr.yml	true				
weaver/parallel-parallel-sum-1.wvr.yml	true				
weaver/parallel-parallel-sum-2.wvr.yml	true				
weaver/parallel-parallel-sum-equiv.wvr.yml	true				
weaver/parallel-simple-equiv.wvr.yml	true				
weaver/parallel-ticket-2.wvr.yml	true				
weaver/parallel-ticket-3.wvr.yml	true				
weaver/parallel-ticket-4.wvr.yml	true				
weaver/parallel-ticket-5.wvr.yml	true				
weaver/parallel-ticket-6.wvr.yml	true				
weaver/parallel-ticket-7.wvr.yml	true				
weaver/parallel-ticket-8.wvr.yml	true				
weaver/popl20-bad-buffer-mult-alt.wvr.yml	true				
weaver/popl20-bad-buffer-mult-alt2.wvr.yml	true				
weaver/popl20-bad-buffer-mult-alt3.wvr.yml	true				
weaver/popl20-bad-commit-1.wvr-bad.yml	true				
weaver/popl20-bad-commit-2.wvr-bad.yml	true				
weaver/popl20-bad-counter-queue.wvr.yml	true				
weaver/popl20-bad-counter-queue2.wvr.yml	true				
weaver/popl20-bad-dot-product-alt.wvr.yml	true				
weaver/popl20-bad-dot-product.wvr.yml	true				
weaver/popl20-bad-ring-nondet.wvr.yml	true				
weaver/popl20-bad-ring.wvr.yml	true				
weaver/popl20-bad-threaded-sum-2.wvr.yml	true				
weaver/popl20-bad-three-array-sum-alt.wvr.yml	true				
weaver/popl20-channel-sum.wvr.yml	true				
weaver/popl20-commit-1.wvr.yml	true				
weaver/popl20-commit-2.wvr.yml	true				
weaver/popl20-counter-determinism.wvr.yml	true				
weaver/popl20-counter-fun.wvr.yml	true				
weaver/popl20-difference-det.wvr.yml	true				
weaver/popl20-figure1-alt.wvr.yml	true				
weaver/popl20-figure1.wvr.yml	true				
weaver/popl20-figure3.wvr.yml	true				
weaver/popl20-horseshoe.wvr.yml	true				
weaver/popl20-min-max-dec.wvr.yml	true				
weaver/popl20-min-max-inc-dec.wvr.yml	true				
weaver/popl20-min-max-inc.wvr.yml	true				
weaver/popl20-more-array-sum-alt.wvr.yml	true				
weaver/popl20-more-array-sum-alt2.wvr.yml	true				
weaver/popl20-more-array-sum.wvr.yml	true				
weaver/popl20-more-array-sum2.wvr.yml	true				
weaver/popl20-more-buffer-mult.wvr.yml	true				
weaver/popl20-more-buffer-mult2.wvr.yml	true				
weaver/popl20-more-buffer-mult3.wvr.yml	true				
weaver/popl20-more-buffer-series.wvr.yml	true				
weaver/popl20-more-buffer-series2.wvr.yml	true				
weaver/popl20-more-buffer-series3.wvr.yml	true				
weaver/popl20-more-dec-subseq.wvr.yml	true				
weaver/popl20-more-inc-subseq.wvr.yml	true				
weaver/popl20-more-max-array-hom.wvr.yml	true				
weaver/popl20-more-max-array.wvr.yml	true				
weaver/popl20-more-min-array-hom.wvr.yml	true				
weaver/popl20-more-min-array.wvr.yml	true				
weaver/popl20-more-min-le-max.wvr.yml	true				
weaver/popl20-more-mts.wvr.yml	true				
weaver/popl20-more-multiply-verify.wvr.yml	true				
weaver/popl20-more-nonblocking-counter-alt2.wvr.yml	true				
weaver/popl20-more-parray-copy.wvr.yml	false				
weaver/popl20-more-queue-add-2-nl.wvr.yml	true				
weaver/popl20-more-queue-add-3-nl.wvr.yml	true				
weaver/popl20-more-sorted.wvr.yml	true				
weaver/popl20-more-sum-array-hom.wvr.yml	true				
weaver/popl20-more-vector-add.wvr.yml	true				
weaver/popl20-mult-4.wvr.yml	true				
weaver/popl20-mult-equiv.wvr.yml	true				
weaver/popl20-nonblocking-cntr-alt.wvr.yml	true				
weaver/popl20-nonblocking-cntr.wvr.yml	true				
weaver/popl20-prod-cons-eq.wvr.yml	true				
weaver/popl20-prod-cons.wvr.yml	true				
weaver/popl20-prod-cons3.wvr.yml	true				
weaver/popl20-proofs-counter-add-4-semi-Q67.wvr.yml	true				
weaver/popl20-queue-add-2.wvr.yml	true				
weaver/popl20-queue-add-3.wvr.yml	true				
weaver/popl20-send-receive-alt.wvr.yml	true				
weaver/popl20-send-receive.wvr.yml	true				
weaver/popl20-simple-array-sum.wvr.yml	true				
weaver/popl20-simple-queue.wvr.yml	true				
weaver/popl20-threaded-sum-3.wvr.yml	true				
weaver/popl20-three-array-max.wvr.yml	true				
weaver/popl20-three-array-min.wvr.yml	true				
weaver/popl20-three-array-sum.wvr.yml	true				
weaver/popl20-two-queue.wvr.yml	true				
weaver/security.wvr.yml	true				
weaver/spaghetti.wvr.yml	true				
weaver/test-context1.wvr.yml	true				
weaver/test-easy1.wvr.yml	true				
weaver/test-easy10.wvr.yml	true				
weaver/test-easy11.wvr.yml	true				
weaver/test-easy6.wvr.yml	true				
weaver/test-easy7.wvr.yml	true				
weaver/test-easy8.wvr.yml	true				
weaver/test-hard1.wvr.yml	true				
weaver/test-semi1.wvr.yml	true				
weaver/unroll-2.wvr.yml	true				
weaver/unroll-3.wvr.yml	true				
weaver/unroll-4.wvr.yml	true				
weaver/unroll-5.wvr.yml	true				
weaver/unroll-cond-2.wvr.yml	true				
weaver/unroll-cond-3.wvr.yml	true				
weaver/unroll-cond-4.wvr.yml	true				
weaver/unroll-cond-5.wvr.yml	true				
pthread-deagle/airline-10.yml	false				
pthread-deagle/airline-15.yml	false				
pthread-deagle/airline-20.yml	false				
pthread-deagle/airline-25.yml	false				
pthread-deagle/airline-5.yml	false				
pthread-deagle/arithmetic_prog_bad.yml	true				
pthread-deagle/arithmetic_prog_ok.yml	true				
pthread-deagle/circular_buffer_bad.yml	true				
pthread-deagle/circular_buffer_ok.yml	true				
pthread-deagle/floating_read-10.yml	false				
pthread-deagle/floating_read-15.yml	false				
pthread-deagle/floating_read-20.yml	false				
pthread-deagle/floating_read-25.yml	false				
pthread-deagle/floating_read-5.yml	false				
pthread-deagle/reorder_c11_bad-10.yml	false				
pthread-deagle/reorder_c11_bad-20.yml	false				
pthread-deagle/reorder_c11_bad-30.yml	false				
pthread-deagle/reorder_c11_bad-40.yml	false				
pthread-deagle/reorder_c11_bad-50.yml	false				
pthread-deagle/reorder_c11_good-10.yml	false				
pthread-deagle/reorder_c11_good-20.yml	false				
pthread-deagle/reorder_c11_good-30.yml	false				
pthread-deagle/reorder_c11_good-40.yml	false				
pthread-deagle/reorder_c11_good-50.yml	false				
pthread-race-challenges/atomic-gcc.yml	true				
pthread-race-challenges/per-thread-array-index-race-2.yml	false				
pthread-race-challenges/per-thread-array-index-race.yml	false				
pthread-race-challenges/per-thread-array-index.yml	true				
pthread-race-challenges/per-thread-array-init-race.yml	false				
pthread-race-challenges/per-thread-array-init.yml	true				
pthread-race-challenges/per-thread-array-join-counter-2.yml	true				
pthread-race-challenges/per-thread-array-join-counter-race-2.yml	false				
pthread-race-challenges/per-thread-array-join-counter-race-3.yml	false				
pthread-race-challenges/per-thread-array-join-counter-race-4.yml	false				
pthread-race-challenges/per-thread-array-join-counter-race.yml	false				
pthread-race-challenges/per-thread-array-join-counter.yml	true				
pthread-race-challenges/per-thread-array-ptr-race.yml	false				
pthread-race-challenges/per-thread-array-ptr.yml	true				
pthread-race-challenges/per-thread-index-bitmask-race-2.yml	false				
pthread-race-challenges/per-thread-index-bitmask-race-3.yml	false				
pthread-race-challenges/per-thread-index-bitmask-race.yml	false				
pthread-race-challenges/per-thread-index-bitmask.yml	true				
pthread-race-challenges/per-thread-index-inc-race-2.yml	false				
pthread-race-challenges/per-thread-index-inc-race.yml	false				
pthread-race-challenges/per-thread-index-inc.yml	true				
pthread-race-challenges/per-thread-struct-in-array-race.yml	false				
pthread-race-challenges/per-thread-struct-in-array.yml	true				
pthread-race-challenges/per-thread-struct-race.yml	false				
pthread-race-challenges/per-thread-struct-tid-join.yml	true				
pthread-race-challenges/per-thread-struct-tid.yml	true				
pthread-race-challenges/per-thread-struct.yml	true				
pthread-race-challenges/semaphore-posix-race-2.yml	false				
pthread-race-challenges/semaphore-posix-race.yml	false				
pthread-race-challenges/semaphore-posix.yml	true				
pthread-race-challenges/thread-join-array-const-race-2.yml	false				
pthread-race-challenges/thread-join-array-const-race-3.yml	false				
pthread-race-challenges/thread-join-array-const-race.yml	false				
pthread-race-challenges/thread-join-array-const.yml	true				
pthread-race-challenges/thread-join-array-dynamic-race-2.yml	false				
pthread-race-challenges/thread-join-array-dynamic-race-3.yml	false				
pthread-race-challenges/thread-join-array-dynamic-race.yml	false				
pthread-race-challenges/thread-join-array-dynamic.yml	true				
pthread-race-challenges/thread-join-binomial-race-2.yml	false				
pthread-race-challenges/thread-join-binomial-race-3.yml	false				
pthread-race-challenges/thread-join-binomial-race.yml	false				
pthread-race-challenges/thread-join-binomial.yml	true				
pthread-race-challenges/thread-join-counter-inner-2.yml	true				
pthread-race-challenges/thread-join-counter-inner-3.yml	true				
pthread-race-challenges/thread-join-counter-inner-race-2.yml	false				
pthread-race-challenges/thread-join-counter-inner-race-3.yml	false				
pthread-race-challenges/thread-join-counter-inner-race-4.yml	false				
pthread-race-challenges/thread-join-counter-inner-race-5.yml	false				
pthread-race-challenges/thread-join-counter-inner-race.yml	false				
pthread-race-challenges/thread-join-counter-inner.yml	true				
pthread-race-challenges/thread-join-counter-outer-race-2.yml	false				
pthread-race-challenges/thread-join-counter-outer-race-3.yml	false				
pthread-race-challenges/thread-join-counter-outer-race-4.yml	false				
pthread-race-challenges/thread-join-counter-outer-race.yml	false				
pthread-race-challenges/thread-join-counter-outer.yml	true				
pthread-race-challenges/thread-local-pthread-value-cond.yml	true				
pthread-race-challenges/thread-local-pthread-value.yml	true				
pthread-race-challenges/thread-local-value-cond.yml	true				
pthread-race-challenges/thread-local-value-dynamic.yml	true				
pthread-race-challenges/thread-local-value-race.yml	false				
pthread-race-challenges/thread-local-value.yml	true				
pthread-race-challenges/value-barrier-race.yml	false				
pthread-race-challenges/value-barrier.yml	true				
libvsync/arraylock.yml	true				
libvsync/bounded_mpmc_check_full.yml	true				
libvsync/bounded_spsc.yml	false				
libvsync/caslock.yml	false				
libvsync/cnalock.yml	true				
libvsync/hclhlock.yml	true				
libvsync/hemlock.yml	false				
libvsync/hmcslock.yml	true				
libvsync/mcslock.yml	true				
libvsync/rec_mcslock.yml	true				
libvsync/rec_spinlock.yml	false				
libvsync/rec_ticketlock.yml	true				
libvsync/rwlock.yml	true				
libvsync/semaphore.yml	true				
libvsync/ticketlock.yml	true				
libvsync/ttaslock.yml	true				
libvsync/twalock.yml	false				
pthread-theta/exponential-4.yml	true				
pthread-theta/exponential-64.yml	true				
pthread-theta/exponential-nondet.yml	true				
pthread-theta/unwind1-1.yml	true				
pthread-theta/unwind1-100.yml	true				
pthread-theta/unwind1-nondet.yml	true				
pthread-theta/unwind2-1.yml	true				
pthread-theta/unwind2-100.yml	true				
pthread-theta/unwind2-nondet.yml	true				
pthread-theta/unwind3-1.yml	true				
pthread-theta/unwind3-100.yml	true				
pthread-theta/unwind3-nondet.yml	true				
pthread-theta/wsc.yml	true				
