tool		Theta 6.6.6	Theta 6.6.6	Theta 6.6.6	Theta 6.6.6
run set		SV-COMP24_no-overflow.ConcurrencySafety-NoOverflows	SV-COMP24_no-overflow.ConcurrencySafety-NoOverflows	SV-COMP24_no-overflow.ConcurrencySafety-NoOverflows	SV-COMP24_no-overflow.ConcurrencySafety-NoOverflows
../sv-benchmarks/c/		status	cputime (s)	walltime (s)	memory (MB)
pthread/butterfly.yml	true	Parsing OK	3.013627	1.2538080969999896	267.902976
pthread/fib_safe-10.yml	true	Parsing OK	2.983296	1.2940974759999904	280.137728
pthread/fib_safe-11.yml	true	Parsing OK	4.678984	1.5873247089999722	310.751232
pthread/fib_safe-12.yml	true	Parsing OK	3.936154	1.3425655169999686	305.274880
pthread/fib_safe-5.yml	true	Parsing OK	4.850063	1.668126113000028	314.867712
pthread/fib_safe-6.yml	true	Parsing OK	4.744686	1.646332008999991	307.744768
pthread/fib_safe-7.yml	true	Parsing OK	3.898736	1.322197855000013	310.865920
pthread/fib_unsafe-10.yml	true	Parsing OK	4.571886	1.5713211689999866	304.435200
pthread/fib_unsafe-11.yml	true	Parsing OK	3.871148	1.331754085	301.703168
pthread/fib_unsafe-12.yml	true	Parsing OK	4.500472	1.5321130410000023	297.963520
pthread/fib_unsafe-5.yml	true	Parsing OK	4.556155	1.546010908000028	316.760064
pthread/fib_unsafe-6.yml	true	Parsing OK	4.588956	1.5855820849999986	300.167168
pthread/fib_unsafe-7.yml	true	Parsing OK	4.506507	1.544674236999981	306.941952
pthread/lazy01.yml	true	Parsing OK	4.033213	1.4442123069999866	313.253888
pthread/queue.yml	true	ERROR (frontend failed)	5.464433	1.9124273190000167	313.950208
pthread/queue_longer.yml	true	ERROR (frontend failed)	5.766254	1.939653996000004	351.367168
pthread/queue_longest.yml	true	ERROR (frontend failed)	6.730265	2.4815974460000234	366.505984
pthread/queue_ok.yml	true	ERROR (frontend failed)	5.555507	2.102524337000034	307.765248
pthread/queue_ok_longer.yml	true	ERROR (frontend failed)	5.158359	1.725190337000015	349.839360
pthread/queue_ok_longest.yml	true	ERROR (frontend failed)	7.352303	2.4548651309999627	374.136832
pthread/reorder_2.yml	true	ERROR (frontend failed)	5.084768	1.7929354089999947	319.062016
pthread/reorder_5.yml	true	ERROR (frontend failed)	5.504173	1.936125202000028	321.933312
pthread/stack-1.yml	true	Parsing OK	5.246237	1.756745121999984	305.401856
pthread/stack-2.yml	true	Parsing OK	5.616985	1.8993068519999952	306.089984
pthread/stack_longer-1.yml	true	Parsing OK	5.589226	1.8713418120000256	375.156736
pthread/stack_longer-2.yml	true	Parsing OK	6.119697	2.0371590650000257	358.793216
pthread/stack_longest-1.yml	true	Parsing OK	6.470645	2.1586391820000017	364.462080
pthread/stack_longest-2.yml	true	Parsing OK	5.692731	1.8853305509999814	357.842944
pthread/stateful01-1.yml	true	Parsing OK	4.250565	1.5145387979999896	308.064256
pthread/stateful01-2.yml	true	Parsing OK	4.080659	1.4382027909999806	314.142720
pthread/sync01.yml	true	Parsing OK	5.514979	1.894491993000031	302.899200
pthread/triangular-1.yml	true	Parsing OK	3.526359	1.24092828900001	299.065344
pthread/triangular-2.yml	true	Parsing OK	4.000351	1.4127979909999908	306.769920
pthread/triangular-longer-1.yml	true	Parsing OK	4.326929	1.5474992739999607	308.539392
pthread/triangular-longer-2.yml	true	Parsing OK	4.16719	1.45970292100003	306.909184
pthread/triangular-longest-1.yml	true	Parsing OK	4.302557	1.5051701549999734	308.334592
pthread/triangular-longest-2.yml	true	Parsing OK	4.360306	1.5407740539999963	333.586432
pthread/twostage_3.yml	true	ERROR (frontend failed)	4.861101	1.7169910889999755	325.857280
pthread-atomic/dekker-unfair.yml	true	Parsing OK	4.68066	1.6306927290000317	294.699008
pthread-atomic/read_write_lock-1.yml	true	Parsing OK	4.057167	1.4263277719999792	305.430528
pthread-atomic/read_write_lock-2.yml	true	Parsing OK	4.833484	1.668346540000016	320.880640
pthread-ext/09_fmaxsym-zero.yml	true	Parsing OK	4.713423	1.628382045999956	312.098816
pthread-ext/09_fmaxsym.yml	true	Parsing OK	4.236802	1.4594806029999745	317.440000
pthread-ext/11_fmaxsymopt-zero.yml	true	Parsing OK	4.338646	1.504837058000021	307.961856
pthread-ext/11_fmaxsymopt.yml	true	Parsing OK	3.842102	1.349402743999974	293.216256
pthread-ext/18_read_write_lock.yml	true	Parsing OK	3.708465	1.3062859529999855	293.621760
pthread-ext/25_stack.yml	true	Parsing OK	5.336412	1.784439271999986	312.541184
pthread-ext/25_stack_longer-1.yml	true	Parsing OK	6.02416	2.009975473000054	362.188800
pthread-ext/25_stack_longer-2.yml	true	Parsing OK	6.362643	2.12997432100002	359.563264
pthread-ext/25_stack_longest-1.yml	true	Parsing OK	7.943869	2.6443687830000044	403.124224
pthread-ext/25_stack_longest-2.yml	true	Parsing OK	7.389482	2.430223818999991	423.370752
pthread-ext/26_stack_cas.yml	true	ERROR (frontend failed)	5.27558	1.7710553249999634	300.896256
pthread-ext/26_stack_cas_longer-1.yml	true	ERROR (frontend failed)	6.318333	2.1173001299999896	352.632832
pthread-ext/26_stack_cas_longer-2.yml	true	ERROR (frontend failed)	5.001816	1.6706782589999989	341.528576
pthread-ext/26_stack_cas_longest-1.yml	true	ERROR (frontend failed)	7.021057	2.3287668070000223	407.314432
pthread-ext/26_stack_cas_longest-2.yml	true	ERROR (frontend failed)	7.015724	2.3639874269999837	419.594240
pthread-ext/28_buggy_simple_loop1_vf.yml	true	Parsing OK	3.910134	1.3853327410000134	316.620800
pthread-ext/35_double_lock_p3_vs.yml	true	Parsing OK	3.608413	1.267345721999959	304.173056
pthread-ext/36_stack_cas_p0_vs_concur.yml	true	Parsing OK	5.148542	1.7329111820000094	299.855872
pthread-ext/37_stack_lock_p0_vs_concur.yml	true	Parsing OK	4.939662	1.6849218950000022	310.853632
pthread-ext/48_ticket_lock_low_contention_vs.yml	true	Parsing OK	4.185772	1.4588062100000343	302.170112
pthread-wmm/mix000.oepc.yml	true	Parsing OK	5.767162	1.9280461760000094	326.004736
pthread-wmm/mix000.opt.yml	true	Parsing OK	5.196877	1.7463101640000218	298.360832
pthread-wmm/mix001.oepc.yml	true	Parsing OK	6.197363	2.0644649500000014	357.507072
pthread-wmm/mix001.opt.yml	true	Parsing OK	6.105453	2.023372386999995	348.790784
pthread-wmm/mix002.oepc.yml	true	Parsing OK	6.226823	2.1072129120000227	360.976384
pthread-wmm/mix002.opt.yml	true	Parsing OK	6.387124	2.1205280810000318	366.194688
pthread-wmm/mix003.oepc.yml	true	Parsing OK	5.19927	1.7468571369999495	332.763136
pthread-wmm/mix003_power.opt_pso.opt_rmo.opt_tso.opt.yml	true	Parsing OK	5.030754	1.661166511000033	346.513408
pthread-wmm/mix004.oepc.yml	true	Parsing OK	6.584122	2.193566610000005	364.294144
pthread-wmm/mix004.opt.yml	true	Parsing OK	6.744757	2.2584009349999974	365.404160
pthread-wmm/mix005.opt.yml	true	Parsing OK	6.36209	2.1385936579999907	356.507648
pthread-wmm/mix005_power.oepc_pso.oepc_rmo.oepc.yml	true	Parsing OK	5.193591	1.7220514070000377	343.822336
pthread-wmm/mix005_tso.oepc.yml	true	Parsing OK	6.342393	2.1272266200000445	368.009216
pthread-wmm/mix006.opt.yml	true	Parsing OK	5.087069	1.6840578030000302	342.503424
pthread-wmm/mix006_power.oepc_pso.oepc_rmo.oepc.yml	true	Parsing OK	6.117518	2.056290749000027	349.573120
pthread-wmm/mix006_tso.oepc.yml	true	Parsing OK	7.18571	2.392854657999976	415.858688
pthread-wmm/mix007.oepc.yml	true	Parsing OK	6.255926	2.1010471399999915	362.147840
pthread-wmm/mix007.opt.yml	true	Parsing OK	5.285378	1.7541350889999876	344.997888
pthread-wmm/mix008.opt.yml	true	Parsing OK	6.440102	2.1581947720000016	362.504192
pthread-wmm/mix008_power.oepc_pso.oepc_rmo.oepc.yml	true	Parsing OK	6.30469	2.092920280000044	367.595520
pthread-wmm/mix008_tso.oepc.yml	true	Parsing OK	7.185197	2.3769517959999575	418.914304
pthread-wmm/mix009.oepc.yml	true	Parsing OK	5.498458	1.8591341899999634	303.763456
pthread-wmm/mix009.opt.yml	true	Parsing OK	5.537831	1.848056181000004	324.583424
pthread-wmm/mix010.oepc.yml	true	Parsing OK	5.957591	1.976837095999997	362.536960
pthread-wmm/mix010.opt.yml	true	Parsing OK	6.279176	2.0885469190000094	357.478400
pthread-wmm/mix011.opt.yml	true	Parsing OK	4.893169	1.6211774880000007	356.470784
pthread-wmm/mix011_power.oepc_pso.oepc_rmo.oepc.yml	true	Parsing OK	6.095104	2.0487623230000054	358.313984
pthread-wmm/mix011_tso.oepc.yml	true	Parsing OK	6.0847	2.0276521879999905	357.306368
pthread-wmm/mix012_power.oepc_power.opt_pso.oepc_rmo.oepc_rmo.opt_tso.oepc.yml	true	Parsing OK	4.66531	1.5661333010000362	292.220928
pthread-wmm/mix012_pso.opt_tso.opt.yml	true	Parsing OK	5.402404	1.8286472480000384	312.713216
pthread-wmm/mix013.oepc.yml	true	Parsing OK	5.553999	1.8565546140000038	352.768000
pthread-wmm/mix013.opt.yml	true	Parsing OK	5.225816	1.7270649910000202	347.324416
pthread-wmm/mix014.opt.yml	true	Parsing OK	5.109362	1.705005043999961	343.601152
pthread-wmm/mix014_power.oepc_pso.oepc_rmo.oepc.yml	true	Parsing OK	5.366773	1.790794190999975	402.636800
pthread-wmm/mix014_tso.oepc.yml	true	Parsing OK	7.277762	2.4108628129999943	394.862592
pthread-wmm/mix015.oepc.yml	true	Parsing OK	6.066411	2.024805681000032	365.703168
pthread-wmm/mix015.opt.yml	true	Parsing OK	4.993689	1.6620232600000122	349.409280
pthread-wmm/mix016.oepc.yml	true	Parsing OK	4.948532	1.6314261730000226	334.786560
pthread-wmm/mix016_power.opt_rmo.opt.yml	true	Parsing OK	4.75797	1.5988058899999942	322.551808
pthread-wmm/mix016_pso.opt_tso.opt.yml	true	Parsing OK	6.223401	2.085069920999956	368.066560
pthread-wmm/mix017.oepc.yml	true	Parsing OK	6.479434	2.1618414240000448	354.234368
pthread-wmm/mix017_power.opt_rmo.opt.yml	true	Parsing OK	6.242288	2.0894975709999812	385.617920
pthread-wmm/mix017_pso.opt_tso.opt.yml	true	Parsing OK	6.508082	2.1789656130000026	368.177152
pthread-wmm/mix018.opt.yml	true	Parsing OK	5.497094	1.879619267999999	352.845824
pthread-wmm/mix018_power.oepc_pso.oepc_rmo.oepc.yml	true	Parsing OK	5.202253	1.7274183369999605	347.275264
pthread-wmm/mix018_tso.oepc.yml	true	Parsing OK	5.832009	1.9535709580000002	364.023808
pthread-wmm/mix019.opt.yml	true	Parsing OK	6.112604	2.055006117000005	345.939968
pthread-wmm/mix019_power.oepc_pso.oepc_rmo.oepc.yml	true	Parsing OK	4.746424	1.5675483999999642	320.954368
pthread-wmm/mix019_tso.oepc.yml	true	Parsing OK	6.007039	2.0057454980000102	347.357184
pthread-wmm/mix020.oepc.yml	true	Parsing OK	6.461962	2.1757270620000213	369.229824
pthread-wmm/mix020.opt.yml	true	Parsing OK	5.894766	1.947792622999998	361.558016
pthread-wmm/mix021.opt.yml	true	Parsing OK	5.306062	1.743827089999968	345.169920
pthread-wmm/mix021_power.oepc_pso.oepc_rmo.oepc.yml	true	Parsing OK	6.469512	2.171149421999985	365.273088
pthread-wmm/mix021_tso.oepc.yml	true	Parsing OK	6.321718	2.1224100890000273	361.164800
pthread-wmm/mix022_power.oepc_power.opt_pso.oepc_pso.opt_rmo.oepc_rmo.opt.yml	true	Parsing OK	4.541296	1.529219248000004	294.150144
pthread-wmm/mix022_tso.yml	true	Parsing OK	5.95809	1.9976275440000109	317.607936
pthread-wmm/mix023_power.oepc_pso.oepc_rmo.oepc.yml	true	Parsing OK	5.277685	1.7603529009999193	342.401024
pthread-wmm/mix023_power.opt_pso.opt_rmo.opt.yml	true	Parsing OK	5.81241	1.9474414969999998	366.493696
pthread-wmm/mix023_tso.yml	true	Parsing OK	6.745337	2.233335188999945	409.104384
pthread-wmm/mix024_power.oepc_pso.oepc_rmo.oepc_tso.oepc_tso.opt.yml	true	Parsing OK	5.635693	1.8887678479999295	360.992768
pthread-wmm/mix024_power.opt_pso.opt_rmo.opt.yml	true	Parsing OK	5.83445	1.9505992739999556	332.398592
pthread-wmm/mix025_power.oepc_power.opt_pso.oepc_rmo.oepc_tso.oepc_tso.opt.yml	true	Parsing OK	4.78885	1.6013782579999543	325.046272
pthread-wmm/mix025_pso.opt_rmo.opt.yml	true	Parsing OK	5.601572	1.8852041520000284	331.141120
pthread-wmm/mix026.oepc.yml	true	Parsing OK	5.189391	1.7161534609999762	343.482368
pthread-wmm/mix026_power.opt_tso.opt.yml	true	Parsing OK	6.030379	2.021260003000066	359.874560
pthread-wmm/mix026_pso.opt_rmo.opt.yml	true	Parsing OK	4.987623	1.6753000039999506	344.174592
pthread-wmm/mix027_power.oepc_pso.oepc_rmo.oepc.yml	true	Parsing OK	6.479931	2.1788646940000262	363.507712
pthread-wmm/mix027_power.opt_pso.opt_rmo.opt.yml	true	Parsing OK	6.03721	2.0180800299999646	354.172928
pthread-wmm/mix027_tso.yml	true	Parsing OK	5.203001	1.7346895340000401	353.697792
pthread-wmm/mix028_power.oepc_pso.oepc_rmo.oepc.yml	true	Parsing OK	5.780515	1.9429804710000553	322.899968
pthread-wmm/mix028_power.opt_pso.opt_rmo.opt.yml	true	Parsing OK	5.481989	1.836591449000025	330.080256
pthread-wmm/mix028_tso.yml	true	Parsing OK	5.279637	1.7425595669999439	345.280512
pthread-wmm/mix029_power.oepc_pso.oepc_rmo.oepc_tso.oepc_tso.opt.yml	true	Parsing OK	6.318091	2.10563037899999	361.275392
pthread-wmm/mix029_power.opt_pso.opt_rmo.opt.yml	true	Parsing OK	5.300803	1.7898945880000383	344.285184
pthread-wmm/mix030_power.oepc_pso.oepc_rmo.oepc.yml	true	Parsing OK	6.063691	2.037846916000035	355.766272
pthread-wmm/mix030_power.opt_pso.opt_rmo.opt.yml	true	Parsing OK	5.745613	1.9187041569999792	363.143168
pthread-wmm/mix030_tso.yml	true	Parsing OK	5.218581	1.7355202559999725	346.001408
pthread-wmm/mix031.oepc.yml	true	Parsing OK	4.673199	1.5686511779999819	313.954304
pthread-wmm/mix031.opt.yml	true	Parsing OK	5.019872	1.689658824999924	297.021440
pthread-wmm/mix032.oepc.yml	true	Parsing OK	5.60937	1.883141668999997	336.572416
pthread-wmm/mix032.opt.yml	true	Parsing OK	4.799328	1.5910809429999517	332.910592
pthread-wmm/mix033.opt.yml	true	Parsing OK	5.851053	1.9778763420000587	332.496896
pthread-wmm/mix033_power.oepc_pso.oepc_rmo.oepc.yml	true	Parsing OK	5.807932	1.945461339000076	357.871616
pthread-wmm/mix033_tso.oepc.yml	true	Parsing OK	5.146169	1.7164564600000176	348.622848
pthread-wmm/mix034_power.oepc_power.opt_pso.oepc_rmo.oepc_rmo.opt_tso.oepc.yml	true	Parsing OK	4.678004	1.558318143000065	288.403456
pthread-wmm/mix034_pso.opt_tso.opt.yml	true	Parsing OK	5.321935	1.7945815310000626	307.191808
pthread-wmm/mix035.oepc.yml	true	Parsing OK	5.915964	1.9939444590000903	346.460160
pthread-wmm/mix035_power.opt_rmo.opt.yml	true	Parsing OK	4.938473	1.657202509000058	328.146944
pthread-wmm/mix035_pso.opt_tso.opt.yml	true	Parsing OK	4.957691	1.6475758060000771	315.748352
pthread-wmm/mix036.oepc.yml	true	Parsing OK	6.03151	2.0229717720000053	367.218688
pthread-wmm/mix036_power.opt_rmo.opt.yml	true	Parsing OK	5.196079	1.734538208999993	346.464256
pthread-wmm/mix036_pso.opt_tso.opt.yml	true	Parsing OK	6.319359	2.1297281500000054	363.630592
pthread-wmm/mix037.opt.yml	true	Parsing OK	4.965235	1.649664107000035	346.800128
pthread-wmm/mix037_power.oepc_pso.oepc_rmo.oepc.yml	true				
pthread-wmm/mix037_tso.oepc.yml	true				
pthread-wmm/mix038.opt.yml	true				
pthread-wmm/mix038_power.oepc_pso.oepc_rmo.oepc.yml	true				
pthread-wmm/mix038_tso.oepc.yml	true				
pthread-wmm/mix039.oepc.yml	true				
pthread-wmm/mix039.opt.yml	true				
pthread-wmm/mix040.opt.yml	true				
pthread-wmm/mix040_power.oepc_pso.oepc_rmo.oepc.yml	true				
pthread-wmm/mix040_tso.oepc.yml	true				
pthread-wmm/mix041_power.oepc_pso.oepc_rmo.oepc.yml	true				
pthread-wmm/mix041_power.opt_pso.opt_rmo.opt_tso.oepc_tso.opt.yml	true				
pthread-wmm/mix042.oepc.yml	true				
pthread-wmm/mix042.opt.yml	true				
pthread-wmm/mix043.oepc.yml	true				
pthread-wmm/mix043.opt.yml	true				
pthread-wmm/mix044.opt.yml	true				
pthread-wmm/mix044_power.oepc_pso.oepc_rmo.oepc.yml	true				
pthread-wmm/mix044_tso.oepc.yml	true				
pthread-wmm/mix045_power.oepc_pso.oepc_rmo.oepc.yml	true				
pthread-wmm/mix045_power.opt_pso.opt_rmo.opt_tso.oepc_tso.opt.yml	true				
pthread-wmm/mix046.oepc.yml	true				
pthread-wmm/mix046.opt.yml	true				
pthread-wmm/mix047_power.oepc_pso.oepc_rmo.oepc.yml	true				
pthread-wmm/mix047_power.opt_pso.opt_rmo.opt_tso.oepc_tso.opt.yml	true				
pthread-wmm/mix048_power.oepc_power.opt_pso.oepc_pso.opt_rmo.oepc_rmo.opt_tso.oepc_tso.opt-podwr000_power.oepc_power.opt_pso.oepc_pso.opt_rmo.oepc_rmo.opt_tso.oepc_tso.opt.yml	true				
pthread-wmm/mix049_power.oepc_power.opt_pso.oepc_pso.opt_rmo.oepc_rmo.opt_tso.oepc_tso.opt-podwr001_power.oepc_power.opt_pso.oepc_pso.opt_rmo.oepc_rmo.opt_tso.oepc_tso.opt.yml	true				
pthread-wmm/mix050.yml	true				
pthread-wmm/mix051_power.oepc_power.opt_pso.oepc_rmo.oepc.yml	true				
pthread-wmm/mix051_pso.opt_rmo.opt_tso.opt.yml	true				
pthread-wmm/mix051_tso.oepc.yml	true				
pthread-wmm/mix052_power.oepc_power.opt_pso.oepc_rmo.oepc.yml	true				
pthread-wmm/mix052_pso.opt_rmo.opt_tso.opt.yml	true				
pthread-wmm/mix052_tso.oepc.yml	true				
pthread-wmm/mix053.opt.yml	true				
pthread-wmm/mix053_power.oepc_pso.oepc_rmo.oepc.yml	true				
pthread-wmm/mix053_tso.oepc.yml	true				
pthread-wmm/mix054_power.oepc_power.opt_pso.oepc_rmo.oepc.yml	true				
pthread-wmm/mix054_pso.opt_rmo.opt_tso.oepc_tso.opt.yml	true				
pthread-wmm/mix055.opt.yml	true				
pthread-wmm/mix055_power.oepc_pso.oepc_rmo.oepc.yml	true				
pthread-wmm/mix055_tso.oepc.yml	true				
pthread-wmm/mix056_power.oepc_pso.oepc_rmo.oepc.yml	true				
pthread-wmm/mix056_power.opt_pso.opt_rmo.opt_tso.oepc_tso.opt.yml	true				
pthread-wmm/mix057_power.oepc_pso.oepc_rmo.oepc.yml	true				
pthread-wmm/mix057_power.opt_pso.opt_rmo.opt_tso.oepc_tso.opt.yml	true				
pthread-wmm/rfi000_power.oepc_pso.oepc_rmo.oepc.yml	true				
pthread-wmm/rfi000_power.opt_pso.opt_rmo.opt.yml	true				
pthread-wmm/rfi000_tso.yml	true				
pthread-wmm/rfi001_power.oepc_pso.oepc_rmo.oepc.yml	true				
pthread-wmm/rfi001_power.opt_pso.opt_rmo.opt_tso.oepc_tso.opt.yml	true				
pthread-wmm/rfi002_power.oepc_power.opt_pso.oepc_pso.opt_rmo.oepc_rmo.opt.yml	true				
pthread-wmm/rfi002_tso.yml	true				
pthread-wmm/rfi003_power.oepc_power.opt_pso.oepc_pso.opt_rmo.oepc_rmo.opt.yml	true				
pthread-wmm/rfi003_tso.yml	true				
pthread-wmm/rfi004.yml	true				
pthread-wmm/rfi005.yml	true				
pthread-wmm/rfi006_power.oepc.yml	true				
pthread-wmm/rfi006_power.opt.yml	true				
pthread-wmm/rfi006_pso.oepc_pso.opt_tso.oepc_tso.opt.yml	true				
pthread-wmm/rfi006_rmo.yml	true				
pthread-wmm/rfi007_power.oepc_power.opt_pso.oepc_pso.opt_rmo.oepc_rmo.opt.yml	true				
pthread-wmm/rfi007_tso.yml	true				
pthread-wmm/rfi008.oepc.yml	true				
pthread-wmm/rfi008.opt.yml	true				
pthread-wmm/rfi009_power.oepc.yml	true				
pthread-wmm/rfi009_power.opt_pso.oepc_pso.opt_rmo.opt_tso.oepc_tso.opt.yml	true				
pthread-wmm/rfi009_rmo.oepc.yml	true				
pthread-wmm/rfi010.yml	true				
pthread-wmm/safe000_power.oepc.yml	true				
pthread-wmm/safe000_power.opt.yml	true				
pthread-wmm/safe000_pso.oepc_pso.opt_tso.oepc_tso.opt.yml	true				
pthread-wmm/safe000_rmo.yml	true				
pthread-wmm/safe001_power.oepc.yml	true				
pthread-wmm/safe001_power.opt_pso.oepc_pso.opt_rmo.opt.yml	true				
pthread-wmm/safe001_rmo.oepc.yml	true				
pthread-wmm/safe001_tso.yml	true				
pthread-wmm/safe002_power.oepc.yml	true				
pthread-wmm/safe002_power.opt_pso.oepc_pso.opt_rmo.opt.yml	true				
pthread-wmm/safe002_rmo.oepc.yml	true				
pthread-wmm/safe002_tso.yml	true				
pthread-wmm/safe003_power.oepc_pso.oepc_pso.opt_rmo.oepc_rmo.opt.yml	true				
pthread-wmm/safe003_power.opt.yml	true				
pthread-wmm/safe003_tso.yml	true				
pthread-wmm/safe004_power.oepc_pso.oepc_rmo.oepc.yml	true				
pthread-wmm/safe004_power.opt_pso.opt_rmo.opt.yml	true				
pthread-wmm/safe004_tso.yml	true				
pthread-wmm/safe005_power.oepc_power.opt_pso.oepc_pso.opt_rmo.oepc_rmo.opt.yml	true				
pthread-wmm/safe005_tso.yml	true				
pthread-wmm/safe006_power.oepc-thin000_power.oepc.yml	true				
pthread-wmm/safe006_power.opt-thin000_power.opt.yml	true				
pthread-wmm/safe006_pso.oepc_pso.opt_tso.oepc_tso.opt-thin000_pso.oepc_pso.opt_tso.oepc_tso.opt.yml	true				
pthread-wmm/safe006_rmo.oepc_rmo.opt-thin000_rmo.oepc_rmo.opt.yml	true				
pthread-wmm/safe007_power.oepc-thin001_power.oepc.yml	true				
pthread-wmm/safe007_power.opt-thin001_power.opt.yml	true				
pthread-wmm/safe007_pso.oepc_pso.opt_tso.oepc_tso.opt-thin001_pso.oepc_pso.opt_tso.oepc_tso.opt.yml	true				
pthread-wmm/safe007_rmo.oepc_rmo.opt-thin001_rmo.oepc_rmo.opt.yml	true				
pthread-wmm/safe008_power.oepc_pso.oepc_pso.opt_rmo.oepc_rmo.opt.yml	true				
pthread-wmm/safe008_power.opt.yml	true				
pthread-wmm/safe008_tso.yml	true				
pthread-wmm/safe009_power.oepc.yml	true				
pthread-wmm/safe009_power.opt.yml	true				
pthread-wmm/safe009_pso.oepc_pso.opt_tso.oepc_tso.opt.yml	true				
pthread-wmm/safe009_rmo.oepc.yml	true				
pthread-wmm/safe009_rmo.opt.yml	true				
pthread-wmm/safe010_power.oepc_power.opt_pso.oepc_pso.opt_rmo.oepc_rmo.opt.yml	true				
pthread-wmm/safe010_tso.yml	true				
pthread-wmm/safe011_power.oepc_pso.oepc_rmo.oepc_rmo.opt.yml	true				
pthread-wmm/safe011_power.opt_pso.opt.yml	true				
pthread-wmm/safe011_tso.yml	true				
pthread-wmm/safe012_power.oepc.yml	true				
pthread-wmm/safe012_power.opt.yml	true				
pthread-wmm/safe012_pso.oepc_pso.opt_rmo.opt.yml	true				
pthread-wmm/safe012_rmo.oepc.yml	true				
pthread-wmm/safe012_tso.yml	true				
pthread-wmm/safe013_power.oepc_power.opt_pso.oepc_pso.opt_rmo.oepc_rmo.opt.yml	true				
pthread-wmm/safe013_tso.yml	true				
pthread-wmm/safe014_power.oepc.yml	true				
pthread-wmm/safe014_power.opt.yml	true				
pthread-wmm/safe014_pso.oepc_pso.opt_tso.oepc_tso.opt.yml	true				
pthread-wmm/safe014_rmo.oepc.yml	true				
pthread-wmm/safe014_rmo.opt.yml	true				
pthread-wmm/safe015_power.oepc.yml	true				
pthread-wmm/safe015_power.opt.yml	true				
pthread-wmm/safe015_pso.oepc_pso.opt_tso.oepc_tso.opt.yml	true				
pthread-wmm/safe015_rmo.yml	true				
pthread-wmm/safe016_power.oepc.yml	true				
pthread-wmm/safe016_power.opt.yml	true				
pthread-wmm/safe016_pso.oepc_pso.opt_tso.oepc_tso.opt.yml	true				
pthread-wmm/safe016_rmo.oepc.yml	true				
pthread-wmm/safe016_rmo.opt.yml	true				
pthread-wmm/safe017_power.oepc_power.opt_pso.oepc_pso.opt_rmo.oepc_rmo.opt.yml	true				
pthread-wmm/safe017_tso.yml	true				
pthread-wmm/safe018_power.oepc.yml	true				
pthread-wmm/safe018_power.opt.yml	true				
pthread-wmm/safe018_pso.oepc_pso.opt_tso.oepc_tso.opt.yml	true				
pthread-wmm/safe018_rmo.oepc.yml	true				
pthread-wmm/safe018_rmo.opt.yml	true				
pthread-wmm/safe019_power.oepc.yml	true				
pthread-wmm/safe019_power.opt.yml	true				
pthread-wmm/safe019_pso.oepc_pso.opt_tso.oepc_tso.opt.yml	true				
pthread-wmm/safe019_rmo.oepc.yml	true				
pthread-wmm/safe019_rmo.opt.yml	true				
pthread-wmm/safe020_power.yml	true				
pthread-wmm/safe020_pso.oepc_pso.opt_tso.oepc_tso.opt.yml	true				
pthread-wmm/safe020_rmo.yml	true				
pthread-wmm/safe021_power.oepc_pso.oepc_rmo.oepc_rmo.opt.yml	true				
pthread-wmm/safe021_power.opt_pso.opt.yml	true				
pthread-wmm/safe021_tso.yml	true				
pthread-wmm/safe022_power.oepc_power.opt_pso.oepc_pso.opt_rmo.oepc_rmo.opt.yml	true				
pthread-wmm/safe022_tso.yml	true				
pthread-wmm/safe023_power.oepc_power.opt_pso.oepc_pso.opt_rmo.oepc_rmo.opt.yml	true				
pthread-wmm/safe023_tso.yml	true				
pthread-wmm/safe024_power.oepc_power.opt_pso.oepc_pso.opt_rmo.oepc_rmo.opt.yml	true				
pthread-wmm/safe024_tso.yml	true				
pthread-wmm/safe025_power.yml	true				
pthread-wmm/safe025_pso.oepc_pso.opt_tso.oepc_tso.opt.yml	true				
pthread-wmm/safe025_rmo.yml	true				
pthread-wmm/safe026_power.oepc_power.opt_pso.oepc_pso.opt_rmo.oepc_rmo.opt.yml	true				
pthread-wmm/safe026_tso.yml	true				
pthread-wmm/safe027_power.oepc.yml	true				
pthread-wmm/safe027_power.opt.yml	true				
pthread-wmm/safe027_pso.oepc_pso.opt_tso.oepc_tso.opt.yml	true				
pthread-wmm/safe027_rmo.yml	true				
pthread-wmm/safe028_power.yml	true				
pthread-wmm/safe028_pso.oepc_pso.opt_tso.oepc_tso.opt.yml	true				
pthread-wmm/safe028_rmo.yml	true				
pthread-wmm/safe029_power.oepc_pso.oepc_rmo.oepc.yml	true				
pthread-wmm/safe029_power.opt_pso.opt_rmo.opt.yml	true				
pthread-wmm/safe029_tso.yml	true				
pthread-wmm/safe030_power.oepc_pso.oepc_rmo.oepc.yml	true				
pthread-wmm/safe030_power.opt_pso.opt_rmo.opt.yml	true				
pthread-wmm/safe030_tso.yml	true				
pthread-wmm/safe031_power.oepc_pso.oepc_rmo.oepc.yml	true				
pthread-wmm/safe031_power.opt_pso.opt_rmo.opt.yml	true				
pthread-wmm/safe031_tso.yml	true				
pthread-wmm/safe032_power.oepc_power.opt_pso.oepc_pso.opt_rmo.oepc_rmo.opt.yml	true				
pthread-wmm/safe032_tso.yml	true				
pthread-wmm/safe033_power.oepc_power.opt_pso.oepc_pso.opt_rmo.oepc_rmo.opt.yml	true				
pthread-wmm/safe033_tso.yml	true				
pthread-wmm/safe034_power.oepc_power.opt_pso.oepc_pso.opt_rmo.oepc_rmo.opt.yml	true				
pthread-wmm/safe034_tso.yml	true				
pthread-wmm/safe035_power.yml	true				
pthread-wmm/safe035_pso.oepc_pso.opt_rmo.oepc_rmo.opt_tso.oepc_tso.opt.yml	true				
pthread-wmm/safe036.yml	true				
pthread-wmm/safe037.yml	true				
pthread-wmm/thin002_power.oepc.yml	true				
pthread-wmm/thin002_power.opt.yml	true				
pthread-wmm/thin002_pso.oepc_pso.opt_tso.oepc_tso.opt.yml	true				
pthread-wmm/thin002_rmo.yml	true				
pthread-lit/qw2004-2b.yml	true				
pthread-lit/sssc12.yml	true				
pthread-lit/sssc12_variant.yml	true				
ldv-races/race-2_1-container_of.yml	true				
ldv-races/race-2_2-container_of.yml	true				
ldv-races/race-2_3-container_of.yml	true				
ldv-races/race-2_4-container_of.yml	true				
ldv-races/race-2_5-container_of.yml	true				
ldv-races/race-3_1-container_of-global.yml	true				
ldv-races/race-3_2-container_of-global.yml	true				
ldv-linux-3.14-races/linux-3.14--drivers--media--platform--marvell-ccic--cafe_ccic.ko.cil-1.yml	true				
ldv-linux-3.14-races/linux-3.14--drivers--media--platform--marvell-ccic--cafe_ccic.ko.cil-2.yml	true				
ldv-linux-3.14-races/linux-3.14--drivers--net--irda--nsc-ircc.ko.cil.yml	true				
ldv-linux-3.14-races/linux-3.14--drivers--net--irda--w83977af_ir.ko.cil.yml	true				
ldv-linux-3.14-races/linux-3.14--drivers--spi--spi-tegra20-slink.ko.cil.yml	true				
ldv-linux-3.14-races/linux-3.14--drivers--usb--misc--adutux.ko.cil.yml	true				
pthread-complex/bounded_buffer.yml	true				
pthread-complex/elimination_backoff_stack.yml	true				
pthread-complex/safestack_relacy.yml	true				
pthread-complex/workstealqueue_mutex-2.yml	true				
pthread-driver-races/char_generic_nvram_nvram_unlocked_ioctl_write_nvram.yml	true				
pthread-driver-races/char_generic_nvram_read_nvram_nvram_unlocked_ioctl.yml	true				
pthread-driver-races/char_generic_nvram_read_nvram_write_nvram.yml	true				
pthread-driver-races/char_pc8736x_gpio_pc8736x_gpio_change_pc8736x_gpio_configure.yml	true				
pthread-driver-races/char_pc8736x_gpio_pc8736x_gpio_change_pc8736x_gpio_current.yml	true				
pthread-driver-races/char_pc8736x_gpio_pc8736x_gpio_change_pc8736x_gpio_get.yml	true				
pthread-driver-races/char_pc8736x_gpio_pc8736x_gpio_change_pc8736x_gpio_set-set_ovfl.yml	false				
pthread-driver-races/char_pc8736x_gpio_pc8736x_gpio_change_pc8736x_gpio_set.yml	true				
pthread-driver-races/char_pc8736x_gpio_pc8736x_gpio_configure_pc8736x_gpio_current.yml	true				
pthread-driver-races/char_pc8736x_gpio_pc8736x_gpio_configure_pc8736x_gpio_get.yml	true				
pthread-driver-races/char_pc8736x_gpio_pc8736x_gpio_configure_pc8736x_gpio_set-set_ovfl.yml	false				
pthread-driver-races/char_pc8736x_gpio_pc8736x_gpio_configure_pc8736x_gpio_set.yml	true				
pthread-driver-races/char_pc8736x_gpio_pc8736x_gpio_current_pc8736x_gpio_get.yml	true				
pthread-driver-races/char_pc8736x_gpio_pc8736x_gpio_current_pc8736x_gpio_set-set_ovfl.yml	false				
pthread-driver-races/char_pc8736x_gpio_pc8736x_gpio_current_pc8736x_gpio_set.yml	true				
pthread-driver-races/char_pc8736x_gpio_pc8736x_gpio_get_pc8736x_gpio_set-set_ovfl.yml	false				
pthread-driver-races/char_pc8736x_gpio_pc8736x_gpio_get_pc8736x_gpio_set.yml	true				
pthread-driver-races/char_pc8736x_gpio_pc8736x_gpio_open_pc8736x_gpio_change.yml	true				
pthread-driver-races/char_pc8736x_gpio_pc8736x_gpio_open_pc8736x_gpio_configure.yml	true				
pthread-driver-races/char_pc8736x_gpio_pc8736x_gpio_open_pc8736x_gpio_current.yml	true				
pthread-driver-races/char_pc8736x_gpio_pc8736x_gpio_open_pc8736x_gpio_get.yml	true				
pthread-driver-races/char_pc8736x_gpio_pc8736x_gpio_open_pc8736x_gpio_set-set_ovfl.yml	false				
pthread-driver-races/char_pc8736x_gpio_pc8736x_gpio_open_pc8736x_gpio_set.yml	true				
pthread-C-DAC/pthread-demo-datarace-1.yml	true				
pthread-C-DAC/pthread-demo-datarace-3.yml	true				
pthread-C-DAC/pthread-finding-k-matches.yml	true				
pthread-C-DAC/pthread-numerical-integration.yml	true				
pthread-divine/tls_basic.yml	true				
pthread-divine/tls_destructor_worker.yml	true				
goblint-regression/04-mutex_02-simple_nr.yml	true				
goblint-regression/04-mutex_04-munge_nr.yml	true				
goblint-regression/04-mutex_05-lockfuns.yml	true				
goblint-regression/04-mutex_07-ps_nr.yml	true				
goblint-regression/04-mutex_10-ptrmunge_nr.yml	true				
goblint-regression/04-mutex_12-ptr_nr.yml	true				
goblint-regression/04-mutex_15-funarg_nr.yml	true				
goblint-regression/04-mutex_17-ps_add1_nr.yml	true				
goblint-regression/04-mutex_17a-ps_add1_nr.yml	false				
goblint-regression/04-mutex_28-base_nr.yml	true				
goblint-regression/04-mutex_36-trylock_nr-overflow.yml	false				
goblint-regression/04-mutex_36-trylock_nr.yml	true				
goblint-regression/04-mutex_41-pt_rwlock.yml	true				
goblint-regression/04-mutex_42-trylock_2mutex.yml	true				
goblint-regression/04-mutex_43-thread_create_nr.yml	true				
goblint-regression/04-mutex_46-escape_nr.yml	true				
goblint-regression/04-mutex_46a-escape_nr.yml	false				
goblint-regression/04-mutex_51-mutex_ptr.yml	true				
goblint-regression/04-mutex_54-pt_rwlock_ww.yml	true				
goblint-regression/05-lval_ls_02-idx_nr.yml	true				
goblint-regression/05-lval_ls_04-fld_nr.yml	true				
goblint-regression/05-lval_ls_12-fldsense_nr.yml	true				
goblint-regression/06-symbeq_02-funloop_norace.yml	true				
goblint-regression/06-symbeq_05-funloop_hard2.yml	true				
goblint-regression/06-symbeq_06-tricky_address1.yml	true				
goblint-regression/06-symbeq_07-tricky_address2.yml	true				
goblint-regression/06-symbeq_08-tricky_address3.yml	true				
goblint-regression/06-symbeq_11-equ_nr.yml	true				
goblint-regression/06-symbeq_11a-equ_nr.yml	false				
goblint-regression/06-symbeq_14-list_entry_rc.yml	true				
goblint-regression/06-symbeq_15-list_entry_nr.yml	true				
goblint-regression/06-symbeq_23-idxsense_nr.yml	true				
goblint-regression/09-regions_04-list2_nr.yml	true				
goblint-regression/09-regions_09-arraylist.yml	true				
goblint-regression/09-regions_11-arraylist_nr.yml	true				
goblint-regression/09-regions_12-arraycollapse_rc.yml	true				
goblint-regression/09-regions_13-arraycollapse_nr.yml	true				
goblint-regression/09-regions_17-arrayloop_nr.yml	true				
goblint-regression/09-regions_19-nested_nr.yml	true				
goblint-regression/09-regions_21-arrayloop2_nr.yml	true				
goblint-regression/09-regions_22-nocollapse.yml	true				
goblint-regression/09-regions_24-evilcollapse_nr.yml	true				
goblint-regression/13-privatized_01-priv_nr_true.yml	true				
goblint-regression/13-privatized_04-priv_multi_true.yml	true				
goblint-regression/13-privatized_24-multiple-protecting_true.yml	true				
goblint-regression/13-privatized_25-struct_nr_true.yml	true				
goblint-regression/13-privatized_27-multiple-protecting2_true.yml	true				
goblint-regression/13-privatized_29-multiple-protecting2-vesal_true.yml	true				
goblint-regression/13-privatized_31-traces-mine-vs-mutex_true.yml	true				
goblint-regression/13-privatized_52-refine-protected-loop2-small_true.yml	true				
goblint-regression/13-privatized_68-pfscan_protected_loop_minimal_interval_true.yml	true				
goblint-regression/13-privatized_69-refine-protected-loop-interval_true.yml	true				
goblint-regression/28-race_reach_01-simple_racing.yml	true				
goblint-regression/28-race_reach_02-simple_racefree.yml	true				
goblint-regression/28-race_reach_03-munge_racing.yml	true				
goblint-regression/28-race_reach_04-munge_racefree.yml	true				
goblint-regression/28-race_reach_05-lockfuns_racefree.yml	true				
goblint-regression/28-race_reach_06-cond_racing1.yml	true				
goblint-regression/28-race_reach_07-cond_racing2.yml	true				
goblint-regression/28-race_reach_08-cond_racefree.yml	true				
goblint-regression/28-race_reach_09-ptrmunge_racing.yml	true				
goblint-regression/28-race_reach_10-ptrmunge_racefree.yml	true				
goblint-regression/28-race_reach_11-ptr_racing.yml	true				
goblint-regression/28-race_reach_12-ptr_racefree.yml	true				
goblint-regression/28-race_reach_19-callback_racing.yml	true				
goblint-regression/28-race_reach_20-callback_racefree.yml	true				
goblint-regression/28-race_reach_21-deref_read_racing.yml	true				
goblint-regression/28-race_reach_22-deref_read_racefree.yml	true				
goblint-regression/28-race_reach_23-sound_unlock_racing.yml	true				
goblint-regression/28-race_reach_24-sound_lock_racing.yml	true				
goblint-regression/28-race_reach_27-funptr_racing.yml	true				
goblint-regression/28-race_reach_28-funptr_racefree.yml	true				
goblint-regression/28-race_reach_36-indirect_racefree.yml	true				
goblint-regression/28-race_reach_37-indirect_racing.yml	true				
goblint-regression/28-race_reach_40-trylock_racing.yml	true				
goblint-regression/28-race_reach_41-trylock_racefree.yml	true				
goblint-regression/28-race_reach_42-trylock2_racefree.yml	true				
goblint-regression/28-race_reach_45-escape_racing.yml	true				
goblint-regression/28-race_reach_46-escape_racefree.yml	true				
goblint-regression/28-race_reach_51-mutexptr_racefree.yml	true				
goblint-regression/28-race_reach_60-invariant_racefree.yml	true				
goblint-regression/28-race_reach_61-invariant_racing.yml	true				
goblint-regression/28-race_reach_70-funloop_racefree.yml	true				
goblint-regression/28-race_reach_71-funloop_racing.yml	true				
goblint-regression/28-race_reach_72-funloop_hard_racing.yml	true				
goblint-regression/28-race_reach_73-funloop_hard_racefree.yml	true				
goblint-regression/28-race_reach_74-tricky_address1_racefree.yml	true				
goblint-regression/28-race_reach_75-tricky_address2_racefree.yml	true				
goblint-regression/28-race_reach_76-tricky_address3_racefree.yml	true				
goblint-regression/28-race_reach_77-tricky_address4_racing.yml	true				
goblint-regression/28-race_reach_78-equ_racing-overflow.yml	false				
goblint-regression/28-race_reach_78-equ_racing.yml	true				
goblint-regression/28-race_reach_79-equ_racefree-overflow.yml	false				
goblint-regression/28-race_reach_79-equ_racefree.yml	true				
goblint-regression/28-race_reach_81-list_racing.yml	true				
goblint-regression/28-race_reach_82-list_racefree.yml	true				
goblint-regression/28-race_reach_83-list2_racing1.yml	true				
goblint-regression/28-race_reach_84-list2_racing2.yml	true				
goblint-regression/28-race_reach_85-list2_racefree.yml	true				
goblint-regression/28-race_reach_86-lists_racing.yml	true				
goblint-regression/28-race_reach_87-lists_racefree.yml	true				
goblint-regression/28-race_reach_90-arrayloop2_racing.yml	true				
goblint-regression/28-race_reach_91-arrayloop2_racefree.yml	true				
goblint-regression/28-race_reach_92-evilcollapse_racing.yml	true				
goblint-regression/28-race_reach_93-evilcollapse_racefree.yml	true				
goblint-regression/28-race_reach_94-alloc_region_racing.yml	true				
goblint-regression/36-apron_21-traces-cluster-based_true.yml	true				
goblint-regression/36-apron_22-traces-write-centered-vs-meet-mutex_true.yml	false				
goblint-regression/36-apron_22-traces-write-centered-vs-meet-mutex_true_no-overflow.yml	true				
weaver/array-eq-symm.wvr.yml	true				
weaver/array-eq-trans.wvr.yml	true				
weaver/chl-array-int-subst.wvr.yml	true				
weaver/chl-array-int-symm.wvr.yml	true				
weaver/chl-array-int-trans.wvr.yml	true				
weaver/chl-chromosome-opt-symm.wvr.yml	true				
weaver/chl-chromosome-subst.wvr.yml	true				
weaver/chl-chromosome-symm.wvr.yml	true				
weaver/chl-chromosome-trans.wvr.yml	true				
weaver/chl-collitem-subst.wvr.yml	true				
weaver/chl-collitem-symm.wvr.yml	true				
weaver/chl-collitem-trans.wvr.yml	true				
weaver/chl-exp-term-subst.wvr.yml	true				
weaver/chl-exp-term-symm.wvr.yml	true				
weaver/chl-file-item-subst.wvr.yml	true				
weaver/chl-file-item-symm.wvr.yml	true				
weaver/chl-file-item-trans.wvr.yml	true				
weaver/chl-match-subst.wvr.yml	true				
weaver/chl-match-symm.wvr.yml	true				
weaver/chl-match-trans.wvr.yml	true				
weaver/chl-name-comparator-subst.wvr.yml	true				
weaver/chl-name-comparator-symm.wvr.yml	true				
weaver/chl-name-comparator-trans.wvr.yml	true				
weaver/chl-node-subst.wvr.yml	true				
weaver/chl-node-symm.wvr.yml	true				
weaver/chl-node-trans.wvr.yml	true				
weaver/chl-nzb-file-subst.wvr.yml	true				
weaver/chl-nzb-file-symm.wvr.yml	true				
weaver/chl-nzb-file-trans.wvr.yml	true				
weaver/chl-poker-hand-subst.wvr.yml	true				
weaver/chl-poker-hand-symm.wvr.yml	true				
weaver/chl-poker-hand-trans.wvr.yml	true				
weaver/chl-simpl-str-subst.wvr.yml	true				
weaver/chl-simpl-str-symm.wvr.yml	true				
weaver/chl-simpl-str-trans.wvr.yml	true				
weaver/chl-time-subst.wvr.yml	true				
weaver/chl-time-symm.wvr.yml	true				
weaver/chl-time-trans.wvr.yml	true				
weaver/chl-word-subst.wvr.yml	true				
weaver/chl-word-symm.wvr.yml	true				
weaver/chl-word-trans.wvr.yml	true				
weaver/clever.wvr.yml	true				
weaver/fibonacci.wvr.yml	true				
weaver/loop-tiling-eq.wvr.yml	true				
weaver/parallel-bakery-2.wvr.yml	true				
weaver/parallel-bakery-3.wvr.yml	true				
weaver/parallel-bakery-4.wvr.yml	true				
weaver/parallel-barrier.wvr.yml	true				
weaver/parallel-bluetooth.wvr.yml	true				
weaver/parallel-lamport.wvr.yml	true				
weaver/parallel-min-max-1.wvr.yml	true				
weaver/parallel-misc-1.wvr.yml	true				
weaver/parallel-misc-2-unrolled-atomic.wvr.yml	true				
weaver/parallel-misc-3-extended.wvr.yml	true				
weaver/parallel-misc-3.wvr.yml	true				
weaver/parallel-misc-4.wvr.yml	true				
weaver/parallel-misc-5.wvr.yml	true				
weaver/parallel-parallel-sum-1-dsl.wvr.yml	true				
weaver/parallel-parallel-sum-1.wvr.yml	true				
weaver/parallel-parallel-sum-2.wvr.yml	true				
weaver/parallel-parallel-sum-equiv.wvr.yml	true				
weaver/parallel-ticket-2.wvr.yml	true				
weaver/parallel-ticket-3.wvr.yml	true				
weaver/parallel-ticket-4.wvr.yml	true				
weaver/parallel-ticket-5.wvr.yml	true				
weaver/parallel-ticket-6.wvr.yml	true				
weaver/parallel-ticket-7.wvr.yml	true				
weaver/parallel-ticket-8.wvr.yml	true				
weaver/popl20-bad-buffer-mult-alt.wvr.yml	true				
weaver/popl20-bad-buffer-mult-alt2.wvr.yml	true				
weaver/popl20-bad-buffer-mult-alt3.wvr.yml	true				
weaver/popl20-bad-commit-1.wvr-bad.yml	true				
weaver/popl20-bad-commit-2.wvr-bad.yml	true				
weaver/popl20-bad-counter-queue.wvr.yml	true				
weaver/popl20-bad-counter-queue2.wvr.yml	true				
weaver/popl20-bad-dot-product-alt.wvr.yml	true				
weaver/popl20-bad-dot-product.wvr.yml	true				
weaver/popl20-bad-ring-nondet.wvr.yml	true				
weaver/popl20-bad-ring.wvr.yml	true				
weaver/popl20-bad-three-array-sum-alt.wvr.yml	true				
weaver/popl20-channel-sum.wvr.yml	true				
weaver/popl20-commit-1.wvr.yml	true				
weaver/popl20-commit-2.wvr.yml	true				
weaver/popl20-counter-determinism.wvr.yml	true				
weaver/popl20-counter-fun.wvr.yml	true				
weaver/popl20-difference-det.wvr.yml	true				
weaver/popl20-figure1-alt.wvr.yml	true				
weaver/popl20-figure1.wvr.yml	true				
weaver/popl20-horseshoe.wvr.yml	true				
weaver/popl20-min-max-dec.wvr.yml	true				
weaver/popl20-min-max-inc-dec.wvr.yml	true				
weaver/popl20-min-max-inc.wvr.yml	true				
weaver/popl20-more-array-sum-alt.wvr.yml	true				
weaver/popl20-more-array-sum-alt2.wvr.yml	true				
weaver/popl20-more-array-sum.wvr.yml	true				
weaver/popl20-more-array-sum2.wvr.yml	true				
weaver/popl20-more-buffer-mult.wvr.yml	true				
weaver/popl20-more-buffer-mult2.wvr.yml	true				
weaver/popl20-more-buffer-mult3.wvr.yml	true				
weaver/popl20-more-buffer-series.wvr.yml	true				
weaver/popl20-more-buffer-series2.wvr.yml	true				
weaver/popl20-more-buffer-series3.wvr.yml	true				
weaver/popl20-more-dec-subseq.wvr.yml	true				
weaver/popl20-more-inc-subseq.wvr.yml	true				
weaver/popl20-more-max-array-hom.wvr.yml	true				
weaver/popl20-more-max-array.wvr.yml	true				
weaver/popl20-more-min-array-hom.wvr.yml	true				
weaver/popl20-more-min-array.wvr.yml	true				
weaver/popl20-more-min-le-max.wvr.yml	true				
weaver/popl20-more-mts.wvr.yml	true				
weaver/popl20-more-multiply-verify.wvr.yml	true				
weaver/popl20-more-queue-add-2-nl.wvr.yml	true				
weaver/popl20-more-queue-add-3-nl.wvr.yml	true				
weaver/popl20-more-sorted.wvr.yml	true				
weaver/popl20-more-sum-array-hom.wvr.yml	true				
weaver/popl20-more-vector-add.wvr.yml	true				
weaver/popl20-nonblocking-cntr-alt.wvr.yml	true				
weaver/popl20-nonblocking-cntr.wvr.yml	true				
weaver/popl20-prod-cons-eq.wvr.yml	true				
weaver/popl20-prod-cons.wvr.yml	true				
weaver/popl20-prod-cons3.wvr.yml	true				
weaver/popl20-proofs-counter-add-4-semi-Q67.wvr.yml	true				
weaver/popl20-queue-add-2.wvr.yml	true				
weaver/popl20-queue-add-3.wvr.yml	true				
weaver/popl20-send-receive-alt.wvr.yml	true				
weaver/popl20-send-receive.wvr.yml	true				
weaver/popl20-simple-array-sum.wvr.yml	true				
weaver/popl20-simple-queue.wvr.yml	true				
weaver/popl20-three-array-max.wvr.yml	true				
weaver/popl20-three-array-min.wvr.yml	true				
weaver/popl20-three-array-sum.wvr.yml	true				
weaver/popl20-two-queue.wvr.yml	true				
weaver/test-context1.wvr.yml	true				
weaver/test-easy1.wvr.yml	true				
weaver/test-easy11.wvr.yml	true				
weaver/test-easy6.wvr.yml	true				
weaver/test-hard1.wvr.yml	true				
weaver/test-semi1.wvr.yml	true				
weaver/unroll-2.wvr.yml	true				
weaver/unroll-3.wvr.yml	true				
weaver/unroll-4.wvr.yml	true				
weaver/unroll-5.wvr.yml	true				
weaver/unroll-cond-2.wvr.yml	true				
weaver/unroll-cond-3.wvr.yml	true				
weaver/unroll-cond-4.wvr.yml	true				
weaver/unroll-cond-5.wvr.yml	true				
pthread-deagle/arithmetic_prog_bad.yml	true				
pthread-deagle/arithmetic_prog_ok.yml	true				
pthread-deagle/circular_buffer_bad.yml	true				
pthread-deagle/circular_buffer_ok.yml	true				
libvsync/arraylock.yml	true				
libvsync/cnalock.yml	true				
libvsync/hclhlock.yml	true				
libvsync/hmcslock.yml	true				
libvsync/mcslock.yml	true				
libvsync/rec_mcslock.yml	true				
libvsync/rec_ticketlock.yml	true				
libvsync/ticketlock.yml	true				
libvsync/ttaslock.yml	true				
pthread-theta/exponential-4.yml	true				
pthread-theta/exponential-64.yml	true				
pthread-theta/exponential-nondet.yml	true				
pthread-theta/unwind1-1.yml	true				
pthread-theta/unwind1-100.yml	true				
pthread-theta/unwind1-nondet.yml	true				
pthread-theta/unwind2-1.yml	true				
pthread-theta/unwind2-100.yml	true				
pthread-theta/unwind2-nondet.yml	true				
pthread-theta/unwind3-1.yml	true				
pthread-theta/unwind3-100.yml	true				
pthread-theta/unwind3-nondet.yml	true				
